id,firstname,lastname,email,email2,profession
100,Aaren,Trinetta,Aaren.Trinetta@yopmail.com,Aaren.Trinetta@gmail.com,doctor
101,Desirae,Bertold,Desirae.Bertold@yopmail.com,Desirae.Bertold@gmail.com,worker
102,Hildegaard,Delp,Hildegaard.Delp@yopmail.com,Hildegaard.Delp@gmail.com,doctor
103,Kore,Rheingold,Kore.Rheingold@yopmail.com,Kore.Rheingold@gmail.com,developer
104,Tomasina,Iaverne,Tomasina.Iaverne@yopmail.com,Tomasina.Iaverne@gmail.com,doctor
105,Wanda,Grobe,Wanda.Grobe@yopmail.com,Wanda.Grobe@gmail.com,doctor
106,Dorice,Posner,Dorice.Posner@yopmail.com,Dorice.Posner@gmail.com,developer
107,Gwyneth,Laverne,Gwyneth.Laverne@yopmail.com,Gwyneth.Laverne@gmail.com,police officer
108,Aryn,Vernier,Aryn.Vernier@yopmail.com,Aryn.Vernier@gmail.com,worker
109,Mady,Jacinda,Mady.Jacinda@yopmail.com,Mady.Jacinda@gmail.com,developer
110,Amalie,Zitvaa,Amalie.Zitvaa@yopmail.com,Amalie.Zitvaa@gmail.com,doctor
111,Jasmina,Wadell,Jasmina.Wadell@yopmail.com,Jasmina.Wadell@gmail.com,firefighter
112,Lanae,Sundin,Lanae.Sundin@yopmail.com,Lanae.Sundin@gmail.com,developer
113,Melisent,Ralfston,Melisent.Ralfston@yopmail.com,Melisent.Ralfston@gmail.com,police officer
114,Phedra,Hirsch,Phedra.Hirsch@yopmail.com,Phedra.Hirsch@gmail.com,developer
115,Zia,Kress,Zia.Kress@yopmail.com,Zia.Kress@gmail.com,police officer
116,Betta,Fabiola,Betta.Fabiola@yopmail.com,Betta.Fabiola@gmail.com,developer
117,Corina,Orlene,Corina.Orlene@yopmail.com,Corina.Orlene@gmail.com,worker
118,Magdalena,Sadowski,Magdalena.Sadowski@yopmail.com,Magdalena.Sadowski@gmail.com,worker
119,Darci,Sperling,Darci.Sperling@yopmail.com,Darci.Sperling@gmail.com,police officer
120,Darlleen,Constancy,Darlleen.Constancy@yopmail.com,Darlleen.Constancy@gmail.com,police officer
121,Trudie,Garek,Trudie.Garek@yopmail.com,Trudie.Garek@gmail.com,doctor
122,Celene,Seagraves,Celene.Seagraves@yopmail.com,Celene.Seagraves@gmail.com,doctor
123,Pollyanna,Pip,Pollyanna.Pip@yopmail.com,Pollyanna.Pip@gmail.com,firefighter
124,Giustina,Levey,Giustina.Levey@yopmail.com,Giustina.Levey@gmail.com,developer
125,Ebonee,Granoff,Ebonee.Granoff@yopmail.com,Ebonee.Granoff@gmail.com,police officer
126,Fayre,Gladstone,Fayre.Gladstone@yopmail.com,Fayre.Gladstone@gmail.com,developer
127,Caritta,Presber,Caritta.Presber@yopmail.com,Caritta.Presber@gmail.com,police officer
128,Eolanda,Morehouse,Eolanda.Morehouse@yopmail.com,Eolanda.Morehouse@gmail.com,firefighter
129,Livvyy,Hourigan,Livvyy.Hourigan@yopmail.com,Livvyy.Hourigan@gmail.com,firefighter
130,Pearline,Kendrick,Pearline.Kendrick@yopmail.com,Pearline.Kendrick@gmail.com,doctor
131,Farrah,Fancie,Farrah.Fancie@yopmail.com,Farrah.Fancie@gmail.com,worker
132,Perry,Love,Perry.Love@yopmail.com,Perry.Love@gmail.com,firefighter
133,Cam,O'Neill,Cam.O'Neill@yopmail.com,Cam.O'Neill@gmail.com,doctor
134,Judy,Masao,Judy.Masao@yopmail.com,Judy.Masao@gmail.com,worker
135,Marinna,Read,Marinna.Read@yopmail.com,Marinna.Read@gmail.com,worker
136,Flory,Atonsah,Flory.Atonsah@yopmail.com,Flory.Atonsah@gmail.com,worker
137,Vita,Fiester,Vita.Fiester@yopmail.com,Vita.Fiester@gmail.com,worker
138,Ricky,Braun,Ricky.Braun@yopmail.com,Ricky.Braun@gmail.com,firefighter
139,Allyce,Jacobah,Allyce.Jacobah@yopmail.com,Allyce.Jacobah@gmail.com,firefighter
140,Maurene,Lamoree,Maurene.Lamoree@yopmail.com,Maurene.Lamoree@gmail.com,doctor
141,Jillayne,Lamoree,Jillayne.Lamoree@yopmail.com,Jillayne.Lamoree@gmail.com,doctor
142,Viki,Garlinda,Viki.Garlinda@yopmail.com,Viki.Garlinda@gmail.com,developer
143,Ninnetta,Dominy,Ninnetta.Dominy@yopmail.com,Ninnetta.Dominy@gmail.com,police officer
144,Vita,Hathaway,Vita.Hathaway@yopmail.com,Vita.Hathaway@gmail.com,worker
145,Zsa Zsa,Lytton,Zsa Zsa.Lytton@yopmail.com,Zsa Zsa.Lytton@gmail.com,developer
146,Wilma,Bluh,Wilma.Bluh@yopmail.com,Wilma.Bluh@gmail.com,firefighter
147,Marcelline,Stilwell,Marcelline.Stilwell@yopmail.com,Marcelline.Stilwell@gmail.com,developer
148,Sybille,McClimans,Sybille.McClimans@yopmail.com,Sybille.McClimans@gmail.com,worker
149,Mariann,Marlie,Mariann.Marlie@yopmail.com,Mariann.Marlie@gmail.com,doctor
150,Maud,Payson,Maud.Payson@yopmail.com,Maud.Payson@gmail.com,firefighter
151,Wynne,Fulmer,Wynne.Fulmer@yopmail.com,Wynne.Fulmer@gmail.com,doctor
152,Lorenza,Rosemary,Lorenza.Rosemary@yopmail.com,Lorenza.Rosemary@gmail.com,police officer
153,Alex,Henrie,Alex.Henrie@yopmail.com,Alex.Henrie@gmail.com,developer
154,Valeda,Rosemary,Valeda.Rosemary@yopmail.com,Valeda.Rosemary@gmail.com,doctor
155,Brooks,Maisey,Brooks.Maisey@yopmail.com,Brooks.Maisey@gmail.com,doctor
156,Cacilie,Guildroy,Cacilie.Guildroy@yopmail.com,Cacilie.Guildroy@gmail.com,doctor
157,Jennica,Zeeba,Jennica.Zeeba@yopmail.com,Jennica.Zeeba@gmail.com,doctor
158,Mathilda,Hathaway,Mathilda.Hathaway@yopmail.com,Mathilda.Hathaway@gmail.com,firefighter
159,Kenna,Lanita,Kenna.Lanita@yopmail.com,Kenna.Lanita@gmail.com,developer
160,Elbertina,Aaberg,Elbertina.Aaberg@yopmail.com,Elbertina.Aaberg@gmail.com,doctor
161,Brana,Winthorpe,Brana.Winthorpe@yopmail.com,Brana.Winthorpe@gmail.com,worker
162,Shaine,Cressida,Shaine.Cressida@yopmail.com,Shaine.Cressida@gmail.com,firefighter
163,Caritta,Aloise,Caritta.Aloise@yopmail.com,Caritta.Aloise@gmail.com,firefighter
164,Verla,Bates,Verla.Bates@yopmail.com,Verla.Bates@gmail.com,firefighter
165,Hettie,Sherfield,Hettie.Sherfield@yopmail.com,Hettie.Sherfield@gmail.com,worker
166,Ottilie,Goldina,Ottilie.Goldina@yopmail.com,Ottilie.Goldina@gmail.com,firefighter
167,Leona,Madaih,Leona.Madaih@yopmail.com,Leona.Madaih@gmail.com,firefighter
168,Marnia,Ingra,Marnia.Ingra@yopmail.com,Marnia.Ingra@gmail.com,developer
169,Averyl,Means,Averyl.Means@yopmail.com,Averyl.Means@gmail.com,police officer
170,Lanae,Dearborn,Lanae.Dearborn@yopmail.com,Lanae.Dearborn@gmail.com,firefighter
171,Jasmina,Ortrude,Jasmina.Ortrude@yopmail.com,Jasmina.Ortrude@gmail.com,firefighter
172,Roslyn,Medrek,Roslyn.Medrek@yopmail.com,Roslyn.Medrek@gmail.com,police officer
173,Yetty,Brotherson,Yetty.Brotherson@yopmail.com,Yetty.Brotherson@gmail.com,worker
174,Sharai,Clywd,Sharai.Clywd@yopmail.com,Sharai.Clywd@gmail.com,firefighter
175,Marnia,Codding,Marnia.Codding@yopmail.com,Marnia.Codding@gmail.com,worker
176,Kial,Pascia,Kial.Pascia@yopmail.com,Kial.Pascia@gmail.com,firefighter
177,Ulrike,Sasnett,Ulrike.Sasnett@yopmail.com,Ulrike.Sasnett@gmail.com,firefighter
178,Di,Afton,Di.Afton@yopmail.com,Di.Afton@gmail.com,firefighter
179,Lindie,Schwejda,Lindie.Schwejda@yopmail.com,Lindie.Schwejda@gmail.com,doctor
180,Lorie,Yoko,Lorie.Yoko@yopmail.com,Lorie.Yoko@gmail.com,doctor
181,Aeriela,Chauncey,Aeriela.Chauncey@yopmail.com,Aeriela.Chauncey@gmail.com,doctor
182,Danny,Braun,Danny.Braun@yopmail.com,Danny.Braun@gmail.com,firefighter
183,Celisse,Ries,Celisse.Ries@yopmail.com,Celisse.Ries@gmail.com,worker
184,Jobi,Fry,Jobi.Fry@yopmail.com,Jobi.Fry@gmail.com,developer
185,Olwen,Cutlerr,Olwen.Cutlerr@yopmail.com,Olwen.Cutlerr@gmail.com,worker
186,Shell,Orlene,Shell.Orlene@yopmail.com,Shell.Orlene@gmail.com,police officer
187,Moyna,Sothena,Moyna.Sothena@yopmail.com,Moyna.Sothena@gmail.com,worker
188,Tierney,Peonir,Tierney.Peonir@yopmail.com,Tierney.Peonir@gmail.com,worker
189,Molli,Olin,Molli.Olin@yopmail.com,Molli.Olin@gmail.com,doctor
190,Carilyn,Whittaker,Carilyn.Whittaker@yopmail.com,Carilyn.Whittaker@gmail.com,worker
191,Tarra,Stoller,Tarra.Stoller@yopmail.com,Tarra.Stoller@gmail.com,firefighter
192,Elora,Melan,Elora.Melan@yopmail.com,Elora.Melan@gmail.com,doctor
193,Lindie,Janith,Lindie.Janith@yopmail.com,Lindie.Janith@gmail.com,police officer
194,Marika,Tillford,Marika.Tillford@yopmail.com,Marika.Tillford@gmail.com,worker
195,Ira,Calhoun,Ira.Calhoun@yopmail.com,Ira.Calhoun@gmail.com,firefighter
196,Quintina,Maurine,Quintina.Maurine@yopmail.com,Quintina.Maurine@gmail.com,worker
197,Oona,Ashely,Oona.Ashely@yopmail.com,Oona.Ashely@gmail.com,developer
198,Consuela,Yorick,Consuela.Yorick@yopmail.com,Consuela.Yorick@gmail.com,worker
199,Emma,Elvyn,Emma.Elvyn@yopmail.com,Emma.Elvyn@gmail.com,worker
200,Shell,Florina,Shell.Florina@yopmail.com,Shell.Florina@gmail.com,worker
201,Lonnie,Anderea,Lonnie.Anderea@yopmail.com,Lonnie.Anderea@gmail.com,police officer
202,Bertine,Lynn,Bertine.Lynn@yopmail.com,Bertine.Lynn@gmail.com,police officer
203,Flo,Allina,Flo.Allina@yopmail.com,Flo.Allina@gmail.com,police officer
204,Elmira,Ricki,Elmira.Ricki@yopmail.com,Elmira.Ricki@gmail.com,developer
205,Delilah,Zenas,Delilah.Zenas@yopmail.com,Delilah.Zenas@gmail.com,developer
206,Edee,Gahl,Edee.Gahl@yopmail.com,Edee.Gahl@gmail.com,doctor
207,Ira,Maxi,Ira.Maxi@yopmail.com,Ira.Maxi@gmail.com,police officer
208,Mahalia,Gerge,Mahalia.Gerge@yopmail.com,Mahalia.Gerge@gmail.com,doctor
209,Juliane,Means,Juliane.Means@yopmail.com,Juliane.Means@gmail.com,firefighter
210,Laure,Yorick,Laure.Yorick@yopmail.com,Laure.Yorick@gmail.com,doctor
211,Debee,Neils,Debee.Neils@yopmail.com,Debee.Neils@gmail.com,police officer
212,Mildrid,Hull,Mildrid.Hull@yopmail.com,Mildrid.Hull@gmail.com,worker
213,Tani,Gusella,Tani.Gusella@yopmail.com,Tani.Gusella@gmail.com,developer
214,Bill,Kylander,Bill.Kylander@yopmail.com,Bill.Kylander@gmail.com,police officer
215,Trudie,Ilka,Trudie.Ilka@yopmail.com,Trudie.Ilka@gmail.com,developer
216,Xylina,Moina,Xylina.Moina@yopmail.com,Xylina.Moina@gmail.com,doctor
217,Olwen,Noam,Olwen.Noam@yopmail.com,Olwen.Noam@gmail.com,developer
218,Blinni,Philipp,Blinni.Philipp@yopmail.com,Blinni.Philipp@gmail.com,developer
219,Aurelie,Kellby,Aurelie.Kellby@yopmail.com,Aurelie.Kellby@gmail.com,firefighter
220,Keelia,Malanie,Keelia.Malanie@yopmail.com,Keelia.Malanie@gmail.com,firefighter
221,Doro,Pauly,Doro.Pauly@yopmail.com,Doro.Pauly@gmail.com,police officer
222,Inga,Reneta,Inga.Reneta@yopmail.com,Inga.Reneta@gmail.com,police officer
223,Eolanda,Franza,Eolanda.Franza@yopmail.com,Eolanda.Franza@gmail.com,worker
224,Paola,Carleen,Paola.Carleen@yopmail.com,Paola.Carleen@gmail.com,doctor
225,Nananne,Knowling,Nananne.Knowling@yopmail.com,Nananne.Knowling@gmail.com,police officer
226,Deloria,Louanna,Deloria.Louanna@yopmail.com,Deloria.Louanna@gmail.com,police officer
227,Ruthe,Vary,Ruthe.Vary@yopmail.com,Ruthe.Vary@gmail.com,worker
228,Sophia,Brotherson,Sophia.Brotherson@yopmail.com,Sophia.Brotherson@gmail.com,police officer
229,Linzy,Odell,Linzy.Odell@yopmail.com,Linzy.Odell@gmail.com,police officer
230,Marcelline,Elisha,Marcelline.Elisha@yopmail.com,Marcelline.Elisha@gmail.com,firefighter
231,Alameda,Fiann,Alameda.Fiann@yopmail.com,Alameda.Fiann@gmail.com,doctor
232,Sheelagh,Fiann,Sheelagh.Fiann@yopmail.com,Sheelagh.Fiann@gmail.com,firefighter
233,Ardys,Tryck,Ardys.Tryck@yopmail.com,Ardys.Tryck@gmail.com,firefighter
234,Vivia,Leopold,Vivia.Leopold@yopmail.com,Vivia.Leopold@gmail.com,firefighter
235,Sharlene,Stoller,Sharlene.Stoller@yopmail.com,Sharlene.Stoller@gmail.com,police officer
236,Lorie,Arquit,Lorie.Arquit@yopmail.com,Lorie.Arquit@gmail.com,doctor
237,Verla,Thad,Verla.Thad@yopmail.com,Verla.Thad@gmail.com,police officer
238,Libbie,Tatianas,Libbie.Tatianas@yopmail.com,Libbie.Tatianas@gmail.com,developer
239,Elie,Hollingsworth,Elie.Hollingsworth@yopmail.com,Elie.Hollingsworth@gmail.com,doctor
240,Barbara,Lareena,Barbara.Lareena@yopmail.com,Barbara.Lareena@gmail.com,developer
241,Kirstin,Kirbee,Kirstin.Kirbee@yopmail.com,Kirstin.Kirbee@gmail.com,developer
242,Marline,Hazlett,Marline.Hazlett@yopmail.com,Marline.Hazlett@gmail.com,firefighter
243,Fanchon,Drisko,Fanchon.Drisko@yopmail.com,Fanchon.Drisko@gmail.com,police officer
244,Betta,Pascia,Betta.Pascia@yopmail.com,Betta.Pascia@gmail.com,firefighter
245,Ira,Jerold,Ira.Jerold@yopmail.com,Ira.Jerold@gmail.com,police officer
246,Merci,Duwalt,Merci.Duwalt@yopmail.com,Merci.Duwalt@gmail.com,worker
247,Margalo,Turne,Margalo.Turne@yopmail.com,Margalo.Turne@gmail.com,police officer
248,Jobi,Mich,Jobi.Mich@yopmail.com,Jobi.Mich@gmail.com,developer
249,Nikki,Gaulin,Nikki.Gaulin@yopmail.com,Nikki.Gaulin@gmail.com,worker
250,Mallory,Rhu,Mallory.Rhu@yopmail.com,Mallory.Rhu@gmail.com,developer
251,Fernande,Kendrick,Fernande.Kendrick@yopmail.com,Fernande.Kendrick@gmail.com,doctor
252,Rosene,Emanuel,Rosene.Emanuel@yopmail.com,Rosene.Emanuel@gmail.com,doctor
253,Viviene,Sothena,Viviene.Sothena@yopmail.com,Viviene.Sothena@gmail.com,doctor
254,Starla,Wiener,Starla.Wiener@yopmail.com,Starla.Wiener@gmail.com,developer
255,Lorie,Seligman,Lorie.Seligman@yopmail.com,Lorie.Seligman@gmail.com,doctor
256,Zsa Zsa,Mauer,Zsa Zsa.Mauer@yopmail.com,Zsa Zsa.Mauer@gmail.com,doctor
257,Tani,Hurley,Tani.Hurley@yopmail.com,Tani.Hurley@gmail.com,worker
258,Alia,Vivle,Alia.Vivle@yopmail.com,Alia.Vivle@gmail.com,doctor
259,Emmey,Hewitt,Emmey.Hewitt@yopmail.com,Emmey.Hewitt@gmail.com,worker
260,Frieda,Maiah,Frieda.Maiah@yopmail.com,Frieda.Maiah@gmail.com,police officer
261,Bettine,Naor,Bettine.Naor@yopmail.com,Bettine.Naor@gmail.com,doctor
262,Jinny,Madaih,Jinny.Madaih@yopmail.com,Jinny.Madaih@gmail.com,doctor
263,Lita,Riordan,Lita.Riordan@yopmail.com,Lita.Riordan@gmail.com,worker
264,Helena,Lane,Helena.Lane@yopmail.com,Helena.Lane@gmail.com,worker
265,Di,Zuzana,Di.Zuzana@yopmail.com,Di.Zuzana@gmail.com,doctor
266,Gabi,Colyer,Gabi.Colyer@yopmail.com,Gabi.Colyer@gmail.com,developer
267,Brandise,Norvol,Brandise.Norvol@yopmail.com,Brandise.Norvol@gmail.com,firefighter
268,Dyann,Friede,Dyann.Friede@yopmail.com,Dyann.Friede@gmail.com,developer
269,Stevana,Dowski,Stevana.Dowski@yopmail.com,Stevana.Dowski@gmail.com,firefighter
270,Cecile,Connelly,Cecile.Connelly@yopmail.com,Cecile.Connelly@gmail.com,firefighter
271,Deane,Gemini,Deane.Gemini@yopmail.com,Deane.Gemini@gmail.com,firefighter
272,Phedra,Rogerio,Phedra.Rogerio@yopmail.com,Phedra.Rogerio@gmail.com,police officer
273,Zaria,Annice,Zaria.Annice@yopmail.com,Zaria.Annice@gmail.com,doctor
274,Margalo,Reneta,Margalo.Reneta@yopmail.com,Margalo.Reneta@gmail.com,firefighter
275,Starla,Lipson,Starla.Lipson@yopmail.com,Starla.Lipson@gmail.com,worker
276,Annaliese,Margarete,Annaliese.Margarete@yopmail.com,Annaliese.Margarete@gmail.com,police officer
277,Joceline,Andrel,Joceline.Andrel@yopmail.com,Joceline.Andrel@gmail.com,worker
278,Miquela,Anselmi,Miquela.Anselmi@yopmail.com,Miquela.Anselmi@gmail.com,police officer
279,Alyssa,Engdahl,Alyssa.Engdahl@yopmail.com,Alyssa.Engdahl@gmail.com,police officer
280,Arabel,Lesley,Arabel.Lesley@yopmail.com,Arabel.Lesley@gmail.com,doctor
281,Goldie,Olympium,Goldie.Olympium@yopmail.com,Goldie.Olympium@gmail.com,police officer
282,Kirstin,Eckblad,Kirstin.Eckblad@yopmail.com,Kirstin.Eckblad@gmail.com,police officer
283,Caritta,Iaverne,Caritta.Iaverne@yopmail.com,Caritta.Iaverne@gmail.com,developer
284,Atlanta,Catie,Atlanta.Catie@yopmail.com,Atlanta.Catie@gmail.com,police officer
285,Amalie,Ethban,Amalie.Ethban@yopmail.com,Amalie.Ethban@gmail.com,police officer
286,Betta,Jess,Betta.Jess@yopmail.com,Betta.Jess@gmail.com,police officer
287,Gusella,Braun,Gusella.Braun@yopmail.com,Gusella.Braun@gmail.com,doctor
288,Amelia,Trey,Amelia.Trey@yopmail.com,Amelia.Trey@gmail.com,doctor
289,Marinna,Chesna,Marinna.Chesna@yopmail.com,Marinna.Chesna@gmail.com,developer
290,Elie,Leonard,Elie.Leonard@yopmail.com,Elie.Leonard@gmail.com,developer
291,Anthia,Neils,Anthia.Neils@yopmail.com,Anthia.Neils@gmail.com,doctor
292,Laurene,Septima,Laurene.Septima@yopmail.com,Laurene.Septima@gmail.com,developer
293,Anica,Rad,Anica.Rad@yopmail.com,Anica.Rad@gmail.com,firefighter
294,Adele,Lane,Adele.Lane@yopmail.com,Adele.Lane@gmail.com,developer
295,Courtnay,Cutlerr,Courtnay.Cutlerr@yopmail.com,Courtnay.Cutlerr@gmail.com,firefighter
296,Riannon,Freddi,Riannon.Freddi@yopmail.com,Riannon.Freddi@gmail.com,developer
297,Trixi,Schalles,Trixi.Schalles@yopmail.com,Trixi.Schalles@gmail.com,worker
298,Ebonee,Dorothy,Ebonee.Dorothy@yopmail.com,Ebonee.Dorothy@gmail.com,doctor
299,Kimmy,Ochs,Kimmy.Ochs@yopmail.com,Kimmy.Ochs@gmail.com,developer
300,Dione,Bigner,Dione.Bigner@yopmail.com,Dione.Bigner@gmail.com,police officer
301,Christy,Pauly,Christy.Pauly@yopmail.com,Christy.Pauly@gmail.com,police officer
302,Aurore,Rosette,Aurore.Rosette@yopmail.com,Aurore.Rosette@gmail.com,doctor
303,Viki,Hessler,Viki.Hessler@yopmail.com,Viki.Hessler@gmail.com,worker
304,Gertrud,Brodench,Gertrud.Brodench@yopmail.com,Gertrud.Brodench@gmail.com,firefighter
305,Emylee,Carleen,Emylee.Carleen@yopmail.com,Emylee.Carleen@gmail.com,firefighter
306,Justinn,Tillford,Justinn.Tillford@yopmail.com,Justinn.Tillford@gmail.com,firefighter
307,Tybie,Faro,Tybie.Faro@yopmail.com,Tybie.Faro@gmail.com,doctor
308,Daphne,Taima,Daphne.Taima@yopmail.com,Daphne.Taima@gmail.com,doctor
309,Maud,Leler,Maud.Leler@yopmail.com,Maud.Leler@gmail.com,doctor
310,Angela,Kenney,Angela.Kenney@yopmail.com,Angela.Kenney@gmail.com,doctor
311,Wilma,Allare,Wilma.Allare@yopmail.com,Wilma.Allare@gmail.com,developer
312,Zia,Berriman,Zia.Berriman@yopmail.com,Zia.Berriman@gmail.com,developer
313,Marguerite,Diann,Marguerite.Diann@yopmail.com,Marguerite.Diann@gmail.com,doctor
314,Dulcinea,Douglass,Dulcinea.Douglass@yopmail.com,Dulcinea.Douglass@gmail.com,doctor
315,Hayley,Letsou,Hayley.Letsou@yopmail.com,Hayley.Letsou@gmail.com,firefighter
316,Cam,Marisa,Cam.Marisa@yopmail.com,Cam.Marisa@gmail.com,developer
317,Louella,Claudine,Louella.Claudine@yopmail.com,Louella.Claudine@gmail.com,firefighter
318,Sissy,Audly,Sissy.Audly@yopmail.com,Sissy.Audly@gmail.com,developer
319,Teriann,Barney,Teriann.Barney@yopmail.com,Teriann.Barney@gmail.com,police officer
320,Tabbatha,Georas,Tabbatha.Georas@yopmail.com,Tabbatha.Georas@gmail.com,doctor
321,Amara,Erminia,Amara.Erminia@yopmail.com,Amara.Erminia@gmail.com,doctor
322,Layla,Niccolo,Layla.Niccolo@yopmail.com,Layla.Niccolo@gmail.com,developer
323,Leona,Revkah,Leona.Revkah@yopmail.com,Leona.Revkah@gmail.com,police officer
324,Anallese,Elsinore,Anallese.Elsinore@yopmail.com,Anallese.Elsinore@gmail.com,doctor
325,Suzette,Thornburg,Suzette.Thornburg@yopmail.com,Suzette.Thornburg@gmail.com,police officer
326,Max,Sallyann,Max.Sallyann@yopmail.com,Max.Sallyann@gmail.com,firefighter
327,Deane,Colleen,Deane.Colleen@yopmail.com,Deane.Colleen@gmail.com,developer
328,Wendi,Secrest,Wendi.Secrest@yopmail.com,Wendi.Secrest@gmail.com,doctor
329,Gloria,Alfons,Gloria.Alfons@yopmail.com,Gloria.Alfons@gmail.com,worker
330,Carree,Cookie,Carree.Cookie@yopmail.com,Carree.Cookie@gmail.com,doctor
331,Wanda,Louanna,Wanda.Louanna@yopmail.com,Wanda.Louanna@gmail.com,police officer
332,Jillayne,Pandolfi,Jillayne.Pandolfi@yopmail.com,Jillayne.Pandolfi@gmail.com,firefighter
333,Marline,Dermott,Marline.Dermott@yopmail.com,Marline.Dermott@gmail.com,developer
334,Elena,Havens,Elena.Havens@yopmail.com,Elena.Havens@gmail.com,developer
335,Gerianna,Luhe,Gerianna.Luhe@yopmail.com,Gerianna.Luhe@gmail.com,developer
336,Renie,Daniele,Renie.Daniele@yopmail.com,Renie.Daniele@gmail.com,developer
337,Inga,Sallyann,Inga.Sallyann@yopmail.com,Inga.Sallyann@gmail.com,developer
338,Sheree,Love,Sheree.Love@yopmail.com,Sheree.Love@gmail.com,worker
339,Rhea,Bobbee,Rhea.Bobbee@yopmail.com,Rhea.Bobbee@gmail.com,worker
340,Paola,Catie,Paola.Catie@yopmail.com,Paola.Catie@gmail.com,doctor
341,Kara-Lynn,Cookie,Kara-Lynn.Cookie@yopmail.com,Kara-Lynn.Cookie@gmail.com,police officer
342,Jerry,Payson,Jerry.Payson@yopmail.com,Jerry.Payson@gmail.com,developer
343,Beatriz,Muriel,Beatriz.Muriel@yopmail.com,Beatriz.Muriel@gmail.com,worker
344,Ardenia,Rad,Ardenia.Rad@yopmail.com,Ardenia.Rad@gmail.com,worker
345,Beth,Faria,Beth.Faria@yopmail.com,Beth.Faria@gmail.com,doctor
346,Leia,Christal,Leia.Christal@yopmail.com,Leia.Christal@gmail.com,firefighter
347,Augustine,Pip,Augustine.Pip@yopmail.com,Augustine.Pip@gmail.com,worker
348,Gusella,Voletta,Gusella.Voletta@yopmail.com,Gusella.Voletta@gmail.com,doctor
349,Perry,Zachary,Perry.Zachary@yopmail.com,Perry.Zachary@gmail.com,worker
350,Rosaline,Montgomery,Rosaline.Montgomery@yopmail.com,Rosaline.Montgomery@gmail.com,doctor
351,Phylis,Faust,Phylis.Faust@yopmail.com,Phylis.Faust@gmail.com,doctor
352,Caressa,Buffum,Caressa.Buffum@yopmail.com,Caressa.Buffum@gmail.com,developer
353,Basia,Dudley,Basia.Dudley@yopmail.com,Basia.Dudley@gmail.com,worker
354,Bobbi,Ciapas,Bobbi.Ciapas@yopmail.com,Bobbi.Ciapas@gmail.com,developer
355,Frank,Birdella,Frank.Birdella@yopmail.com,Frank.Birdella@gmail.com,firefighter
356,Kylynn,Oscar,Kylynn.Oscar@yopmail.com,Kylynn.Oscar@gmail.com,developer
357,Charlena,An,Charlena.An@yopmail.com,Charlena.An@gmail.com,doctor
358,Albertina,Iiette,Albertina.Iiette@yopmail.com,Albertina.Iiette@gmail.com,worker
359,Tressa,Parsaye,Tressa.Parsaye@yopmail.com,Tressa.Parsaye@gmail.com,developer
360,Rani,Persse,Rani.Persse@yopmail.com,Rani.Persse@gmail.com,police officer
361,Mamie,Therine,Mamie.Therine@yopmail.com,Mamie.Therine@gmail.com,developer
362,Karina,Wind,Karina.Wind@yopmail.com,Karina.Wind@gmail.com,police officer
363,Maud,Aprile,Maud.Aprile@yopmail.com,Maud.Aprile@gmail.com,firefighter
364,Brooks,Joachim,Brooks.Joachim@yopmail.com,Brooks.Joachim@gmail.com,doctor
365,Brooks,Lutero,Brooks.Lutero@yopmail.com,Brooks.Lutero@gmail.com,police officer
366,Lily,Jess,Lily.Jess@yopmail.com,Lily.Jess@gmail.com,doctor
367,Roseline,Fontana,Roseline.Fontana@yopmail.com,Roseline.Fontana@gmail.com,worker
368,Veda,Cressida,Veda.Cressida@yopmail.com,Veda.Cressida@gmail.com,firefighter
369,Dione,Jena,Dione.Jena@yopmail.com,Dione.Jena@gmail.com,police officer
370,Sidoney,Anastatius,Sidoney.Anastatius@yopmail.com,Sidoney.Anastatius@gmail.com,worker
371,Gale,Leffen,Gale.Leffen@yopmail.com,Gale.Leffen@gmail.com,developer
372,Gavrielle,Cecile,Gavrielle.Cecile@yopmail.com,Gavrielle.Cecile@gmail.com,doctor
373,Ottilie,Gamaliel,Ottilie.Gamaliel@yopmail.com,Ottilie.Gamaliel@gmail.com,worker
374,Hallie,Suzetta,Hallie.Suzetta@yopmail.com,Hallie.Suzetta@gmail.com,police officer
375,Rebeca,Redmond,Rebeca.Redmond@yopmail.com,Rebeca.Redmond@gmail.com,developer
376,Joleen,Charity,Joleen.Charity@yopmail.com,Joleen.Charity@gmail.com,police officer
377,Trudie,Quinn,Trudie.Quinn@yopmail.com,Trudie.Quinn@gmail.com,developer
378,Elfreda,Longfellow,Elfreda.Longfellow@yopmail.com,Elfreda.Longfellow@gmail.com,developer
379,Deirdre,Ashok,Deirdre.Ashok@yopmail.com,Deirdre.Ashok@gmail.com,police officer
380,Priscilla,Santoro,Priscilla.Santoro@yopmail.com,Priscilla.Santoro@gmail.com,police officer
381,Kary,Eiser,Kary.Eiser@yopmail.com,Kary.Eiser@gmail.com,doctor
382,Basia,Vharat,Basia.Vharat@yopmail.com,Basia.Vharat@gmail.com,police officer
383,Blondelle,Eliathas,Blondelle.Eliathas@yopmail.com,Blondelle.Eliathas@gmail.com,worker
384,Patricia,Aloise,Patricia.Aloise@yopmail.com,Patricia.Aloise@gmail.com,police officer
385,Marsiella,Prouty,Marsiella.Prouty@yopmail.com,Marsiella.Prouty@gmail.com,doctor
386,Bobinette,Ajay,Bobinette.Ajay@yopmail.com,Bobinette.Ajay@gmail.com,worker
387,Arabel,Nunci,Arabel.Nunci@yopmail.com,Arabel.Nunci@gmail.com,firefighter
388,Wanda,Standing,Wanda.Standing@yopmail.com,Wanda.Standing@gmail.com,doctor
389,Siana,Kaete,Siana.Kaete@yopmail.com,Siana.Kaete@gmail.com,worker
390,Tobe,Buffum,Tobe.Buffum@yopmail.com,Tobe.Buffum@gmail.com,police officer
391,Emmey,Westphal,Emmey.Westphal@yopmail.com,Emmey.Westphal@gmail.com,police officer
392,Nerta,Karl,Nerta.Karl@yopmail.com,Nerta.Karl@gmail.com,firefighter
393,Nita,Matthew,Nita.Matthew@yopmail.com,Nita.Matthew@gmail.com,firefighter
394,Letizia,Philoo,Letizia.Philoo@yopmail.com,Letizia.Philoo@gmail.com,worker
395,Nadine,Revkah,Nadine.Revkah@yopmail.com,Nadine.Revkah@gmail.com,doctor
396,Livvyy,Tomasina,Livvyy.Tomasina@yopmail.com,Livvyy.Tomasina@gmail.com,worker
397,Kayla,Sancho,Kayla.Sancho@yopmail.com,Kayla.Sancho@gmail.com,doctor
398,Yetty,Gaynor,Yetty.Gaynor@yopmail.com,Yetty.Gaynor@gmail.com,doctor
399,Felice,Sallyann,Felice.Sallyann@yopmail.com,Felice.Sallyann@gmail.com,doctor
400,Carmencita,Jehu,Carmencita.Jehu@yopmail.com,Carmencita.Jehu@gmail.com,developer
401,Modestia,Emerson,Modestia.Emerson@yopmail.com,Modestia.Emerson@gmail.com,police officer
402,June,Johanna,June.Johanna@yopmail.com,June.Johanna@gmail.com,firefighter
403,Christal,Lay,Christal.Lay@yopmail.com,Christal.Lay@gmail.com,police officer
404,Gianina,Daveta,Gianina.Daveta@yopmail.com,Gianina.Daveta@gmail.com,developer
405,Gwenneth,Zaslow,Gwenneth.Zaslow@yopmail.com,Gwenneth.Zaslow@gmail.com,police officer
406,Dotty,Alfons,Dotty.Alfons@yopmail.com,Dotty.Alfons@gmail.com,firefighter
407,Audrie,Jalbert,Audrie.Jalbert@yopmail.com,Audrie.Jalbert@gmail.com,worker
408,Tera,Urias,Tera.Urias@yopmail.com,Tera.Urias@gmail.com,police officer
409,Wynne,Myrilla,Wynne.Myrilla@yopmail.com,Wynne.Myrilla@gmail.com,police officer
410,Alejandra,Ellerey,Alejandra.Ellerey@yopmail.com,Alejandra.Ellerey@gmail.com,firefighter
411,Pierette,Papageno,Pierette.Papageno@yopmail.com,Pierette.Papageno@gmail.com,worker
412,Kimberley,Horan,Kimberley.Horan@yopmail.com,Kimberley.Horan@gmail.com,doctor
413,Deirdre,Granoff,Deirdre.Granoff@yopmail.com,Deirdre.Granoff@gmail.com,police officer
414,Paule,Elvyn,Paule.Elvyn@yopmail.com,Paule.Elvyn@gmail.com,firefighter
415,Lizzie,Philoo,Lizzie.Philoo@yopmail.com,Lizzie.Philoo@gmail.com,doctor
416,Kittie,Seligman,Kittie.Seligman@yopmail.com,Kittie.Seligman@gmail.com,worker
417,Kayla,Ellerey,Kayla.Ellerey@yopmail.com,Kayla.Ellerey@gmail.com,firefighter
418,Kalina,Oster,Kalina.Oster@yopmail.com,Kalina.Oster@gmail.com,police officer
419,Georgetta,Helfand,Georgetta.Helfand@yopmail.com,Georgetta.Helfand@gmail.com,police officer
420,Aili,Kylander,Aili.Kylander@yopmail.com,Aili.Kylander@gmail.com,doctor
421,Brynna,Dom,Brynna.Dom@yopmail.com,Brynna.Dom@gmail.com,developer
422,Monika,Kendrick,Monika.Kendrick@yopmail.com,Monika.Kendrick@gmail.com,doctor
423,Wynne,Gert,Wynne.Gert@yopmail.com,Wynne.Gert@gmail.com,worker
424,Peri,Ralfston,Peri.Ralfston@yopmail.com,Peri.Ralfston@gmail.com,police officer
425,Katuscha,Maryanne,Katuscha.Maryanne@yopmail.com,Katuscha.Maryanne@gmail.com,police officer
426,Heida,Rozanna,Heida.Rozanna@yopmail.com,Heida.Rozanna@gmail.com,developer
427,Ronna,Baptlsta,Ronna.Baptlsta@yopmail.com,Ronna.Baptlsta@gmail.com,firefighter
428,Clementine,Bobbee,Clementine.Bobbee@yopmail.com,Clementine.Bobbee@gmail.com,doctor
429,Glynnis,Prouty,Glynnis.Prouty@yopmail.com,Glynnis.Prouty@gmail.com,worker
430,Lucille,Martguerita,Lucille.Martguerita@yopmail.com,Lucille.Martguerita@gmail.com,developer
431,Blondelle,Sophronia,Blondelle.Sophronia@yopmail.com,Blondelle.Sophronia@gmail.com,developer
432,Lanna,Terrence,Lanna.Terrence@yopmail.com,Lanna.Terrence@gmail.com,police officer
433,Moyna,Stefa,Moyna.Stefa@yopmail.com,Moyna.Stefa@gmail.com,worker
434,Natka,Kesley,Natka.Kesley@yopmail.com,Natka.Kesley@gmail.com,firefighter
435,Cacilie,Schalles,Cacilie.Schalles@yopmail.com,Cacilie.Schalles@gmail.com,police officer
436,Brynna,Morgun,Brynna.Morgun@yopmail.com,Brynna.Morgun@gmail.com,developer
437,Raquela,Gusella,Raquela.Gusella@yopmail.com,Raquela.Gusella@gmail.com,doctor
438,Millie,Melan,Millie.Melan@yopmail.com,Millie.Melan@gmail.com,firefighter
439,Kylynn,Christal,Kylynn.Christal@yopmail.com,Kylynn.Christal@gmail.com,doctor
440,Aili,Chem,Aili.Chem@yopmail.com,Aili.Chem@gmail.com,police officer
441,Frank,Brenn,Frank.Brenn@yopmail.com,Frank.Brenn@gmail.com,worker
442,Nita,Hull,Nita.Hull@yopmail.com,Nita.Hull@gmail.com,police officer
443,Jenilee,Autrey,Jenilee.Autrey@yopmail.com,Jenilee.Autrey@gmail.com,developer
444,Kimberley,Seumas,Kimberley.Seumas@yopmail.com,Kimberley.Seumas@gmail.com,firefighter
445,Merci,Vastah,Merci.Vastah@yopmail.com,Merci.Vastah@gmail.com,developer
446,Dania,Colp,Dania.Colp@yopmail.com,Dania.Colp@gmail.com,police officer
447,Christy,Briney,Christy.Briney@yopmail.com,Christy.Briney@gmail.com,firefighter
448,Merci,Delacourt,Merci.Delacourt@yopmail.com,Merci.Delacourt@gmail.com,worker
449,Hettie,Rosemary,Hettie.Rosemary@yopmail.com,Hettie.Rosemary@gmail.com,doctor
450,Bobbi,Korey,Bobbi.Korey@yopmail.com,Bobbi.Korey@gmail.com,worker
451,Vevay,Halsey,Vevay.Halsey@yopmail.com,Vevay.Halsey@gmail.com,firefighter
452,Maisey,Love,Maisey.Love@yopmail.com,Maisey.Love@gmail.com,doctor
453,Agnese,Damarra,Agnese.Damarra@yopmail.com,Agnese.Damarra@gmail.com,doctor
454,Marika,Roarke,Marika.Roarke@yopmail.com,Marika.Roarke@gmail.com,firefighter
455,Angela,Neva,Angela.Neva@yopmail.com,Angela.Neva@gmail.com,doctor
456,Zia,Denis,Zia.Denis@yopmail.com,Zia.Denis@gmail.com,firefighter
457,Alyssa,Carolin,Alyssa.Carolin@yopmail.com,Alyssa.Carolin@gmail.com,worker
458,Fredericka,Terencio,Fredericka.Terencio@yopmail.com,Fredericka.Terencio@gmail.com,police officer
459,Janenna,Anestassia,Janenna.Anestassia@yopmail.com,Janenna.Anestassia@gmail.com,firefighter
460,Rhea,Gaynor,Rhea.Gaynor@yopmail.com,Rhea.Gaynor@gmail.com,developer
461,Lanae,Lasley,Lanae.Lasley@yopmail.com,Lanae.Lasley@gmail.com,police officer
462,Fredericka,Ardeha,Fredericka.Ardeha@yopmail.com,Fredericka.Ardeha@gmail.com,doctor
463,Siana,Billye,Siana.Billye@yopmail.com,Siana.Billye@gmail.com,firefighter
464,Deedee,Sparhawk,Deedee.Sparhawk@yopmail.com,Deedee.Sparhawk@gmail.com,worker
465,Fawne,Hollingsworth,Fawne.Hollingsworth@yopmail.com,Fawne.Hollingsworth@gmail.com,firefighter
466,Addia,Lenny,Addia.Lenny@yopmail.com,Addia.Lenny@gmail.com,worker
467,Robinia,Seagraves,Robinia.Seagraves@yopmail.com,Robinia.Seagraves@gmail.com,firefighter
468,Dawn,Madox,Dawn.Madox@yopmail.com,Dawn.Madox@gmail.com,developer
469,Genevra,Fitzsimmons,Genevra.Fitzsimmons@yopmail.com,Genevra.Fitzsimmons@gmail.com,police officer
470,Luci,Swanhildas,Luci.Swanhildas@yopmail.com,Luci.Swanhildas@gmail.com,developer
471,Elora,Krystle,Elora.Krystle@yopmail.com,Elora.Krystle@gmail.com,police officer
472,Bernardine,Rubie,Bernardine.Rubie@yopmail.com,Bernardine.Rubie@gmail.com,firefighter
473,Tomasina,Stilwell,Tomasina.Stilwell@yopmail.com,Tomasina.Stilwell@gmail.com,firefighter
474,Ketti,Pierette,Ketti.Pierette@yopmail.com,Ketti.Pierette@gmail.com,worker
475,Mignon,Taam,Mignon.Taam@yopmail.com,Mignon.Taam@gmail.com,police officer
476,Marsiella,Killigrew,Marsiella.Killigrew@yopmail.com,Marsiella.Killigrew@gmail.com,firefighter
477,Lynea,Yam,Lynea.Yam@yopmail.com,Lynea.Yam@gmail.com,police officer
478,Sean,Brady,Sean.Brady@yopmail.com,Sean.Brady@gmail.com,firefighter
479,Cherrita,Emmaline,Cherrita.Emmaline@yopmail.com,Cherrita.Emmaline@gmail.com,developer
480,Lenna,Oriana,Lenna.Oriana@yopmail.com,Lenna.Oriana@gmail.com,firefighter
481,Inga,Ramona,Inga.Ramona@yopmail.com,Inga.Ramona@gmail.com,firefighter
482,Vonny,Kalinda,Vonny.Kalinda@yopmail.com,Vonny.Kalinda@gmail.com,police officer
483,Gloria,Minetta,Gloria.Minetta@yopmail.com,Gloria.Minetta@gmail.com,worker
484,Hallie,Braun,Hallie.Braun@yopmail.com,Hallie.Braun@gmail.com,doctor
485,Blondelle,O'Rourke,Blondelle.O'Rourke@yopmail.com,Blondelle.O'Rourke@gmail.com,worker
486,Taffy,Clywd,Taffy.Clywd@yopmail.com,Taffy.Clywd@gmail.com,firefighter
487,Liana,Clarissa,Liana.Clarissa@yopmail.com,Liana.Clarissa@gmail.com,police officer
488,Tina,Buckler,Tina.Buckler@yopmail.com,Tina.Buckler@gmail.com,firefighter
489,Harrietta,Maxi,Harrietta.Maxi@yopmail.com,Harrietta.Maxi@gmail.com,police officer
490,Millie,Cadmar,Millie.Cadmar@yopmail.com,Millie.Cadmar@gmail.com,doctor
491,Sashenka,Stav,Sashenka.Stav@yopmail.com,Sashenka.Stav@gmail.com,police officer
492,Merrie,Chandler,Merrie.Chandler@yopmail.com,Merrie.Chandler@gmail.com,police officer
493,Kaja,Stoller,Kaja.Stoller@yopmail.com,Kaja.Stoller@gmail.com,firefighter
494,Emmey,Deegan,Emmey.Deegan@yopmail.com,Emmey.Deegan@gmail.com,police officer
495,Kenna,Gabrielli,Kenna.Gabrielli@yopmail.com,Kenna.Gabrielli@gmail.com,worker
496,Kamilah,Shaddock,Kamilah.Shaddock@yopmail.com,Kamilah.Shaddock@gmail.com,worker
497,Verla,Westphal,Verla.Westphal@yopmail.com,Verla.Westphal@gmail.com,worker
498,Chloris,Mullane,Chloris.Mullane@yopmail.com,Chloris.Mullane@gmail.com,worker
499,Asia,Fontana,Asia.Fontana@yopmail.com,Asia.Fontana@gmail.com,worker
500,Tera,Dorcy,Tera.Dorcy@yopmail.com,Tera.Dorcy@gmail.com,firefighter
501,Penelopa,Penelopa,Penelopa.Penelopa@yopmail.com,Penelopa.Penelopa@gmail.com,police officer
502,Nikki,Alfons,Nikki.Alfons@yopmail.com,Nikki.Alfons@gmail.com,worker
503,Sandie,Chauncey,Sandie.Chauncey@yopmail.com,Sandie.Chauncey@gmail.com,police officer
504,Dale,Berne,Dale.Berne@yopmail.com,Dale.Berne@gmail.com,doctor
505,Althea,Eliathas,Althea.Eliathas@yopmail.com,Althea.Eliathas@gmail.com,worker
506,Rosabelle,Maryanne,Rosabelle.Maryanne@yopmail.com,Rosabelle.Maryanne@gmail.com,firefighter
507,Hope,Reneta,Hope.Reneta@yopmail.com,Hope.Reneta@gmail.com,worker
508,Dulcinea,Cohdwell,Dulcinea.Cohdwell@yopmail.com,Dulcinea.Cohdwell@gmail.com,firefighter
509,Ira,Niles,Ira.Niles@yopmail.com,Ira.Niles@gmail.com,developer
510,Tomasina,Auberbach,Tomasina.Auberbach@yopmail.com,Tomasina.Auberbach@gmail.com,developer
511,Maryellen,Fancie,Maryellen.Fancie@yopmail.com,Maryellen.Fancie@gmail.com,police officer
512,Jacenta,Alice,Jacenta.Alice@yopmail.com,Jacenta.Alice@gmail.com,worker
513,Alexine,Heisel,Alexine.Heisel@yopmail.com,Alexine.Heisel@gmail.com,police officer
514,Gale,Janith,Gale.Janith@yopmail.com,Gale.Janith@gmail.com,police officer
515,Daune,Carolin,Daune.Carolin@yopmail.com,Daune.Carolin@gmail.com,worker
516,Ilse,Garek,Ilse.Garek@yopmail.com,Ilse.Garek@gmail.com,police officer
517,Caressa,Holbrook,Caressa.Holbrook@yopmail.com,Caressa.Holbrook@gmail.com,worker
518,Anallese,Yoko,Anallese.Yoko@yopmail.com,Anallese.Yoko@gmail.com,doctor
519,Nikki,Cookie,Nikki.Cookie@yopmail.com,Nikki.Cookie@gmail.com,doctor
520,Leeanne,Malanie,Leeanne.Malanie@yopmail.com,Leeanne.Malanie@gmail.com,doctor
521,Malina,Norvol,Malina.Norvol@yopmail.com,Malina.Norvol@gmail.com,police officer
522,Cacilie,Monaco,Cacilie.Monaco@yopmail.com,Cacilie.Monaco@gmail.com,firefighter
523,Berta,Georgy,Berta.Georgy@yopmail.com,Berta.Georgy@gmail.com,worker
524,Cathie,Annice,Cathie.Annice@yopmail.com,Cathie.Annice@gmail.com,worker
525,Teddie,Seumas,Teddie.Seumas@yopmail.com,Teddie.Seumas@gmail.com,worker
526,Jessamyn,Corabella,Jessamyn.Corabella@yopmail.com,Jessamyn.Corabella@gmail.com,developer
527,Roseline,Chem,Roseline.Chem@yopmail.com,Roseline.Chem@gmail.com,firefighter
528,Jobi,Gemini,Jobi.Gemini@yopmail.com,Jobi.Gemini@gmail.com,doctor
529,Margarette,Heidt,Margarette.Heidt@yopmail.com,Margarette.Heidt@gmail.com,police officer
530,Emma,Blase,Emma.Blase@yopmail.com,Emma.Blase@gmail.com,doctor
531,Steffane,Abernon,Steffane.Abernon@yopmail.com,Steffane.Abernon@gmail.com,firefighter
532,Daphne,Sophronia,Daphne.Sophronia@yopmail.com,Daphne.Sophronia@gmail.com,police officer
533,Marline,Hillel,Marline.Hillel@yopmail.com,Marline.Hillel@gmail.com,worker
534,Lynnea,Gregrory,Lynnea.Gregrory@yopmail.com,Lynnea.Gregrory@gmail.com,doctor
535,Constance,Stacy,Constance.Stacy@yopmail.com,Constance.Stacy@gmail.com,worker
536,Annice,Gregrory,Annice.Gregrory@yopmail.com,Annice.Gregrory@gmail.com,worker
537,Shirlee,Pettiford,Shirlee.Pettiford@yopmail.com,Shirlee.Pettiford@gmail.com,police officer
538,Kathi,Sholley,Kathi.Sholley@yopmail.com,Kathi.Sholley@gmail.com,worker
539,Heddie,Rugen,Heddie.Rugen@yopmail.com,Heddie.Rugen@gmail.com,police officer
540,Nannie,Hashim,Nannie.Hashim@yopmail.com,Nannie.Hashim@gmail.com,doctor
541,Dione,Myrilla,Dione.Myrilla@yopmail.com,Dione.Myrilla@gmail.com,firefighter
542,Patricia,Dunkin,Patricia.Dunkin@yopmail.com,Patricia.Dunkin@gmail.com,doctor
543,Ninnetta,Fadiman,Ninnetta.Fadiman@yopmail.com,Ninnetta.Fadiman@gmail.com,developer
544,Ericka,Croix,Ericka.Croix@yopmail.com,Ericka.Croix@gmail.com,doctor
545,Nananne,Ioab,Nananne.Ioab@yopmail.com,Nananne.Ioab@gmail.com,doctor
546,Leanna,Bigner,Leanna.Bigner@yopmail.com,Leanna.Bigner@gmail.com,worker
547,Feliza,Septima,Feliza.Septima@yopmail.com,Feliza.Septima@gmail.com,worker
548,Cecile,Orelee,Cecile.Orelee@yopmail.com,Cecile.Orelee@gmail.com,worker
549,Mallory,Brunell,Mallory.Brunell@yopmail.com,Mallory.Brunell@gmail.com,developer
550,Nannie,Haldas,Nannie.Haldas@yopmail.com,Nannie.Haldas@gmail.com,developer
551,Pearline,Adore,Pearline.Adore@yopmail.com,Pearline.Adore@gmail.com,doctor
552,Gavrielle,Berard,Gavrielle.Berard@yopmail.com,Gavrielle.Berard@gmail.com,firefighter
553,Elie,Kalinda,Elie.Kalinda@yopmail.com,Elie.Kalinda@gmail.com,firefighter
554,Theodora,Trace,Theodora.Trace@yopmail.com,Theodora.Trace@gmail.com,developer
555,Eugine,Kronfeld,Eugine.Kronfeld@yopmail.com,Eugine.Kronfeld@gmail.com,worker
556,Brandise,Sigfrid,Brandise.Sigfrid@yopmail.com,Brandise.Sigfrid@gmail.com,developer
557,Di,Woodberry,Di.Woodberry@yopmail.com,Di.Woodberry@gmail.com,doctor
558,Willetta,Vorster,Willetta.Vorster@yopmail.com,Willetta.Vorster@gmail.com,doctor
559,Sadie,Cimbura,Sadie.Cimbura@yopmail.com,Sadie.Cimbura@gmail.com,developer
560,Elena,Kunin,Elena.Kunin@yopmail.com,Elena.Kunin@gmail.com,worker
561,Carolina,Montgomery,Carolina.Montgomery@yopmail.com,Carolina.Montgomery@gmail.com,police officer
562,Gloria,Fabiola,Gloria.Fabiola@yopmail.com,Gloria.Fabiola@gmail.com,firefighter
563,Jillayne,Havens,Jillayne.Havens@yopmail.com,Jillayne.Havens@gmail.com,police officer
564,Fayre,Eldrid,Fayre.Eldrid@yopmail.com,Fayre.Eldrid@gmail.com,developer
565,Ronna,Bertold,Ronna.Bertold@yopmail.com,Ronna.Bertold@gmail.com,worker
566,Cordi,Burkle,Cordi.Burkle@yopmail.com,Cordi.Burkle@gmail.com,police officer
567,Brianna,Stacy,Brianna.Stacy@yopmail.com,Brianna.Stacy@gmail.com,doctor
568,Leontine,Adrienne,Leontine.Adrienne@yopmail.com,Leontine.Adrienne@gmail.com,police officer
569,Edith,Sabella,Edith.Sabella@yopmail.com,Edith.Sabella@gmail.com,firefighter
570,Heida,LaRue,Heida.LaRue@yopmail.com,Heida.LaRue@gmail.com,worker
571,Suzette,Lemuela,Suzette.Lemuela@yopmail.com,Suzette.Lemuela@gmail.com,worker
572,Allis,Trey,Allis.Trey@yopmail.com,Allis.Trey@gmail.com,doctor
573,Karena,Cadmar,Karena.Cadmar@yopmail.com,Karena.Cadmar@gmail.com,developer
574,Celisse,Janith,Celisse.Janith@yopmail.com,Celisse.Janith@gmail.com,doctor
575,Kylynn,Germann,Kylynn.Germann@yopmail.com,Kylynn.Germann@gmail.com,developer
576,Devina,Keily,Devina.Keily@yopmail.com,Devina.Keily@gmail.com,firefighter
577,Cathyleen,Franza,Cathyleen.Franza@yopmail.com,Cathyleen.Franza@gmail.com,police officer
578,Jordan,Meli,Jordan.Meli@yopmail.com,Jordan.Meli@gmail.com,worker
579,Cathie,Ortrude,Cathie.Ortrude@yopmail.com,Cathie.Ortrude@gmail.com,worker
580,Beverley,Crudden,Beverley.Crudden@yopmail.com,Beverley.Crudden@gmail.com,police officer
581,Pearline,Belanger,Pearline.Belanger@yopmail.com,Pearline.Belanger@gmail.com,doctor
582,Netty,Loleta,Netty.Loleta@yopmail.com,Netty.Loleta@gmail.com,doctor
583,Regina,Percy,Regina.Percy@yopmail.com,Regina.Percy@gmail.com,police officer
584,Imojean,Karl,Imojean.Karl@yopmail.com,Imojean.Karl@gmail.com,worker
585,Genevra,Lauraine,Genevra.Lauraine@yopmail.com,Genevra.Lauraine@gmail.com,developer
586,Briney,Garlinda,Briney.Garlinda@yopmail.com,Briney.Garlinda@gmail.com,worker
587,Rochette,Loeb,Rochette.Loeb@yopmail.com,Rochette.Loeb@gmail.com,police officer
588,Rosanne,Mott,Rosanne.Mott@yopmail.com,Rosanne.Mott@gmail.com,worker
589,Jobi,Zachary,Jobi.Zachary@yopmail.com,Jobi.Zachary@gmail.com,developer
590,Alameda,Hepsibah,Alameda.Hepsibah@yopmail.com,Alameda.Hepsibah@gmail.com,police officer
591,Brietta,Gilbertson,Brietta.Gilbertson@yopmail.com,Brietta.Gilbertson@gmail.com,worker
592,Marsiella,Raffo,Marsiella.Raffo@yopmail.com,Marsiella.Raffo@gmail.com,police officer
593,Eve,Charmine,Eve.Charmine@yopmail.com,Eve.Charmine@gmail.com,doctor
594,Zsa Zsa,Hunfredo,Zsa Zsa.Hunfredo@yopmail.com,Zsa Zsa.Hunfredo@gmail.com,police officer
595,Carly,Abbot,Carly.Abbot@yopmail.com,Carly.Abbot@gmail.com,worker
596,Rori,Oster,Rori.Oster@yopmail.com,Rori.Oster@gmail.com,doctor
597,Violet,Wind,Violet.Wind@yopmail.com,Violet.Wind@gmail.com,worker
598,Iseabal,Dielu,Iseabal.Dielu@yopmail.com,Iseabal.Dielu@gmail.com,developer
599,Hollie,Wattenberg,Hollie.Wattenberg@yopmail.com,Hollie.Wattenberg@gmail.com,firefighter
600,Meg,Narton,Meg.Narton@yopmail.com,Meg.Narton@gmail.com,police officer
601,Chastity,Raama,Chastity.Raama@yopmail.com,Chastity.Raama@gmail.com,police officer
602,Nita,Faro,Nita.Faro@yopmail.com,Nita.Faro@gmail.com,firefighter
603,Loree,Medrek,Loree.Medrek@yopmail.com,Loree.Medrek@gmail.com,firefighter
604,Abbie,Francene,Abbie.Francene@yopmail.com,Abbie.Francene@gmail.com,doctor
605,Kayla,Stover,Kayla.Stover@yopmail.com,Kayla.Stover@gmail.com,worker
606,Nataline,Friede,Nataline.Friede@yopmail.com,Nataline.Friede@gmail.com,doctor
607,Marcy,Bluh,Marcy.Bluh@yopmail.com,Marcy.Bluh@gmail.com,firefighter
608,Corry,Allys,Corry.Allys@yopmail.com,Corry.Allys@gmail.com,doctor
609,Dale,Charmine,Dale.Charmine@yopmail.com,Dale.Charmine@gmail.com,firefighter
610,Steffane,Mata,Steffane.Mata@yopmail.com,Steffane.Mata@gmail.com,developer
611,Cordi,Lumbard,Cordi.Lumbard@yopmail.com,Cordi.Lumbard@gmail.com,worker
612,Margarette,Berl,Margarette.Berl@yopmail.com,Margarette.Berl@gmail.com,police officer
613,Marline,Braun,Marline.Braun@yopmail.com,Marline.Braun@gmail.com,worker
614,Sherrie,Andrel,Sherrie.Andrel@yopmail.com,Sherrie.Andrel@gmail.com,doctor
615,Charlena,Weitman,Charlena.Weitman@yopmail.com,Charlena.Weitman@gmail.com,developer
616,Zsa Zsa,Bevin,Zsa Zsa.Bevin@yopmail.com,Zsa Zsa.Bevin@gmail.com,developer
617,Blinni,Burnside,Blinni.Burnside@yopmail.com,Blinni.Burnside@gmail.com,police officer
618,Ruthe,Stoller,Ruthe.Stoller@yopmail.com,Ruthe.Stoller@gmail.com,doctor
619,Meriel,Phyllis,Meriel.Phyllis@yopmail.com,Meriel.Phyllis@gmail.com,police officer
620,Zondra,Wallis,Zondra.Wallis@yopmail.com,Zondra.Wallis@gmail.com,firefighter
621,Carilyn,Ardra,Carilyn.Ardra@yopmail.com,Carilyn.Ardra@gmail.com,developer
622,Dolli,Bibi,Dolli.Bibi@yopmail.com,Dolli.Bibi@gmail.com,police officer
623,Oona,Madelene,Oona.Madelene@yopmail.com,Oona.Madelene@gmail.com,worker
624,Andree,O'Neill,Andree.O'Neill@yopmail.com,Andree.O'Neill@gmail.com,doctor
625,Kerrin,Payson,Kerrin.Payson@yopmail.com,Kerrin.Payson@gmail.com,firefighter
626,Micheline,Zitvaa,Micheline.Zitvaa@yopmail.com,Micheline.Zitvaa@gmail.com,worker
627,Doralynne,Ashok,Doralynne.Ashok@yopmail.com,Doralynne.Ashok@gmail.com,firefighter
628,Britni,Ferrell,Britni.Ferrell@yopmail.com,Britni.Ferrell@gmail.com,worker
629,Jeanna,Celestine,Jeanna.Celestine@yopmail.com,Jeanna.Celestine@gmail.com,worker
630,Clarice,Aloise,Clarice.Aloise@yopmail.com,Clarice.Aloise@gmail.com,doctor
631,Valera,Fleeta,Valera.Fleeta@yopmail.com,Valera.Fleeta@gmail.com,developer
632,Violet,Tayib,Violet.Tayib@yopmail.com,Violet.Tayib@gmail.com,worker
633,Alyssa,Lorain,Alyssa.Lorain@yopmail.com,Alyssa.Lorain@gmail.com,police officer
634,Genovera,Charmine,Genovera.Charmine@yopmail.com,Genovera.Charmine@gmail.com,police officer
635,Clary,Kenwood,Clary.Kenwood@yopmail.com,Clary.Kenwood@gmail.com,developer
636,Lucille,Prouty,Lucille.Prouty@yopmail.com,Lucille.Prouty@gmail.com,firefighter
637,Raina,Maisey,Raina.Maisey@yopmail.com,Raina.Maisey@gmail.com,firefighter
638,Cindelyn,Jerald,Cindelyn.Jerald@yopmail.com,Cindelyn.Jerald@gmail.com,doctor
639,Kate,Leonard,Kate.Leonard@yopmail.com,Kate.Leonard@gmail.com,doctor
640,Emilia,Gale,Emilia.Gale@yopmail.com,Emilia.Gale@gmail.com,firefighter
641,Dennie,Fairweather,Dennie.Fairweather@yopmail.com,Dennie.Fairweather@gmail.com,firefighter
642,Mahalia,Phyllis,Mahalia.Phyllis@yopmail.com,Mahalia.Phyllis@gmail.com,firefighter
643,Gusty,Uird,Gusty.Uird@yopmail.com,Gusty.Uird@gmail.com,doctor
644,Lulita,Kirbee,Lulita.Kirbee@yopmail.com,Lulita.Kirbee@gmail.com,doctor
645,Layla,Schroth,Layla.Schroth@yopmail.com,Layla.Schroth@gmail.com,police officer
646,Meghann,Nunci,Meghann.Nunci@yopmail.com,Meghann.Nunci@gmail.com,firefighter
647,Celene,Raama,Celene.Raama@yopmail.com,Celene.Raama@gmail.com,police officer
648,Starla,Dreda,Starla.Dreda@yopmail.com,Starla.Dreda@gmail.com,developer
649,Reeba,Billye,Reeba.Billye@yopmail.com,Reeba.Billye@gmail.com,worker
650,Georgetta,Cadmar,Georgetta.Cadmar@yopmail.com,Georgetta.Cadmar@gmail.com,developer
651,Rochette,Annabella,Rochette.Annabella@yopmail.com,Rochette.Annabella@gmail.com,worker
652,Verla,Blake,Verla.Blake@yopmail.com,Verla.Blake@gmail.com,worker
653,Meg,Belldas,Meg.Belldas@yopmail.com,Meg.Belldas@gmail.com,firefighter
654,Ursulina,Bettine,Ursulina.Bettine@yopmail.com,Ursulina.Bettine@gmail.com,doctor
655,Lizzie,Crudden,Lizzie.Crudden@yopmail.com,Lizzie.Crudden@gmail.com,developer
656,Jere,Bahr,Jere.Bahr@yopmail.com,Jere.Bahr@gmail.com,worker
657,Clary,Gilbertson,Clary.Gilbertson@yopmail.com,Clary.Gilbertson@gmail.com,police officer
658,Joelly,Bandeen,Joelly.Bandeen@yopmail.com,Joelly.Bandeen@gmail.com,police officer
659,Mellicent,Verger,Mellicent.Verger@yopmail.com,Mellicent.Verger@gmail.com,worker
660,Caritta,Wenda,Caritta.Wenda@yopmail.com,Caritta.Wenda@gmail.com,developer
661,Belva,Cullin,Belva.Cullin@yopmail.com,Belva.Cullin@gmail.com,doctor
662,Collen,Erb,Collen.Erb@yopmail.com,Collen.Erb@gmail.com,worker
663,Meghann,Gert,Meghann.Gert@yopmail.com,Meghann.Gert@gmail.com,doctor
664,Rosaline,Ivens,Rosaline.Ivens@yopmail.com,Rosaline.Ivens@gmail.com,police officer
665,Anthia,Kinnard,Anthia.Kinnard@yopmail.com,Anthia.Kinnard@gmail.com,police officer
666,Zaria,Delila,Zaria.Delila@yopmail.com,Zaria.Delila@gmail.com,firefighter
667,Blinni,Bivins,Blinni.Bivins@yopmail.com,Blinni.Bivins@gmail.com,developer
668,Marita,Heidt,Marita.Heidt@yopmail.com,Marita.Heidt@gmail.com,worker
669,Joceline,Palocz,Joceline.Palocz@yopmail.com,Joceline.Palocz@gmail.com,developer
670,Brandise,Roche,Brandise.Roche@yopmail.com,Brandise.Roche@gmail.com,firefighter
671,Rosanne,Mozelle,Rosanne.Mozelle@yopmail.com,Rosanne.Mozelle@gmail.com,police officer
672,Claudina,Marisa,Claudina.Marisa@yopmail.com,Claudina.Marisa@gmail.com,developer
673,Carlie,Kesley,Carlie.Kesley@yopmail.com,Carlie.Kesley@gmail.com,doctor
674,Yolane,Olympium,Yolane.Olympium@yopmail.com,Yolane.Olympium@gmail.com,worker
675,Madelle,Felizio,Madelle.Felizio@yopmail.com,Madelle.Felizio@gmail.com,police officer
676,Tamqrah,Ezar,Tamqrah.Ezar@yopmail.com,Tamqrah.Ezar@gmail.com,developer
677,Rubie,Mullane,Rubie.Mullane@yopmail.com,Rubie.Mullane@gmail.com,police officer
678,Cyb,Papageno,Cyb.Papageno@yopmail.com,Cyb.Papageno@gmail.com,doctor
679,Tina,Aloise,Tina.Aloise@yopmail.com,Tina.Aloise@gmail.com,worker
680,Blondelle,Modie,Blondelle.Modie@yopmail.com,Blondelle.Modie@gmail.com,worker
681,Gianina,Reidar,Gianina.Reidar@yopmail.com,Gianina.Reidar@gmail.com,worker
682,Marinna,Bultman,Marinna.Bultman@yopmail.com,Marinna.Bultman@gmail.com,doctor
683,Tonia,Hubert,Tonia.Hubert@yopmail.com,Tonia.Hubert@gmail.com,doctor
684,Tomasina,Cadmar,Tomasina.Cadmar@yopmail.com,Tomasina.Cadmar@gmail.com,developer
685,Kristan,Raychel,Kristan.Raychel@yopmail.com,Kristan.Raychel@gmail.com,worker
686,Jenilee,Macey,Jenilee.Macey@yopmail.com,Jenilee.Macey@gmail.com,firefighter
687,Sheree,Standing,Sheree.Standing@yopmail.com,Sheree.Standing@gmail.com,doctor
688,Veda,Stevy,Veda.Stevy@yopmail.com,Veda.Stevy@gmail.com,worker
689,Shannah,Margret,Shannah.Margret@yopmail.com,Shannah.Margret@gmail.com,doctor
690,Charissa,Kazimir,Charissa.Kazimir@yopmail.com,Charissa.Kazimir@gmail.com,worker
691,Florencia,Kaja,Florencia.Kaja@yopmail.com,Florencia.Kaja@gmail.com,developer
692,Trudie,Ambrosia,Trudie.Ambrosia@yopmail.com,Trudie.Ambrosia@gmail.com,firefighter
693,Florencia,Jess,Florencia.Jess@yopmail.com,Florencia.Jess@gmail.com,firefighter
694,Annice,Thilda,Annice.Thilda@yopmail.com,Annice.Thilda@gmail.com,worker
695,Starla,Evvie,Starla.Evvie@yopmail.com,Starla.Evvie@gmail.com,developer
696,Delilah,Vary,Delilah.Vary@yopmail.com,Delilah.Vary@gmail.com,worker
697,Mignon,Gunn,Mignon.Gunn@yopmail.com,Mignon.Gunn@gmail.com,worker
698,Elie,Malanie,Elie.Malanie@yopmail.com,Elie.Malanie@gmail.com,worker
699,Desirae,Hamil,Desirae.Hamil@yopmail.com,Desirae.Hamil@gmail.com,police officer
700,Joane,Tengdin,Joane.Tengdin@yopmail.com,Joane.Tengdin@gmail.com,firefighter
701,Averyl,Mozelle,Averyl.Mozelle@yopmail.com,Averyl.Mozelle@gmail.com,developer
702,Winny,Dominy,Winny.Dominy@yopmail.com,Winny.Dominy@gmail.com,police officer
703,Frances,Nisbet,Frances.Nisbet@yopmail.com,Frances.Nisbet@gmail.com,developer
704,Chere,Fiann,Chere.Fiann@yopmail.com,Chere.Fiann@gmail.com,firefighter
705,Ellette,Sophronia,Ellette.Sophronia@yopmail.com,Ellette.Sophronia@gmail.com,developer
706,Allyce,Adalbert,Allyce.Adalbert@yopmail.com,Allyce.Adalbert@gmail.com,developer
707,Tera,Iiette,Tera.Iiette@yopmail.com,Tera.Iiette@gmail.com,firefighter
708,Vivia,Bouchard,Vivia.Bouchard@yopmail.com,Vivia.Bouchard@gmail.com,doctor
709,Shel,Raul,Shel.Raul@yopmail.com,Shel.Raul@gmail.com,developer
710,Louella,Stanwood,Louella.Stanwood@yopmail.com,Louella.Stanwood@gmail.com,worker
711,Lory,Korey,Lory.Korey@yopmail.com,Lory.Korey@gmail.com,developer
712,Celene,Reinke,Celene.Reinke@yopmail.com,Celene.Reinke@gmail.com,firefighter
713,Cherrita,Alabaster,Cherrita.Alabaster@yopmail.com,Cherrita.Alabaster@gmail.com,developer
714,Tori,Mott,Tori.Mott@yopmail.com,Tori.Mott@gmail.com,worker
715,Deedee,Vale,Deedee.Vale@yopmail.com,Deedee.Vale@gmail.com,doctor
716,Mahalia,Dex,Mahalia.Dex@yopmail.com,Mahalia.Dex@gmail.com,police officer
717,Kaia,Demitria,Kaia.Demitria@yopmail.com,Kaia.Demitria@gmail.com,police officer
718,Violet,Hailee,Violet.Hailee@yopmail.com,Violet.Hailee@gmail.com,doctor
719,Tami,Buffum,Tami.Buffum@yopmail.com,Tami.Buffum@gmail.com,police officer
720,Gusty,Baptlsta,Gusty.Baptlsta@yopmail.com,Gusty.Baptlsta@gmail.com,police officer
721,Roxane,Naor,Roxane.Naor@yopmail.com,Roxane.Naor@gmail.com,firefighter
722,Chloris,Harriman,Chloris.Harriman@yopmail.com,Chloris.Harriman@gmail.com,worker
723,Flory,Ader,Flory.Ader@yopmail.com,Flory.Ader@gmail.com,doctor
724,Dulce,Jalbert,Dulce.Jalbert@yopmail.com,Dulce.Jalbert@gmail.com,worker
725,Ruthe,Cosenza,Ruthe.Cosenza@yopmail.com,Ruthe.Cosenza@gmail.com,firefighter
726,Rubie,Lynn,Rubie.Lynn@yopmail.com,Rubie.Lynn@gmail.com,worker
727,Kirstin,Standing,Kirstin.Standing@yopmail.com,Kirstin.Standing@gmail.com,worker
728,Chrystel,Sallyann,Chrystel.Sallyann@yopmail.com,Chrystel.Sallyann@gmail.com,worker
729,Myrtice,Ries,Myrtice.Ries@yopmail.com,Myrtice.Ries@gmail.com,worker
730,Linzy,Dreda,Linzy.Dreda@yopmail.com,Linzy.Dreda@gmail.com,worker
731,Chere,Nadia,Chere.Nadia@yopmail.com,Chere.Nadia@gmail.com,worker
732,Kathi,Ovid,Kathi.Ovid@yopmail.com,Kathi.Ovid@gmail.com,doctor
733,Ivett,Glenden,Ivett.Glenden@yopmail.com,Ivett.Glenden@gmail.com,developer
734,Ileana,Johnsson,Ileana.Johnsson@yopmail.com,Ileana.Johnsson@gmail.com,worker
735,Charmaine,Sisile,Charmaine.Sisile@yopmail.com,Charmaine.Sisile@gmail.com,worker
736,Arlena,Seligman,Arlena.Seligman@yopmail.com,Arlena.Seligman@gmail.com,developer
737,Renie,Helfand,Renie.Helfand@yopmail.com,Renie.Helfand@gmail.com,worker
738,Arabel,Doig,Arabel.Doig@yopmail.com,Arabel.Doig@gmail.com,developer
739,Ezmeralda,Ramona,Ezmeralda.Ramona@yopmail.com,Ezmeralda.Ramona@gmail.com,worker
740,Rosaline,Carbo,Rosaline.Carbo@yopmail.com,Rosaline.Carbo@gmail.com,police officer
741,Sherrie,Truc,Sherrie.Truc@yopmail.com,Sherrie.Truc@gmail.com,doctor
742,Audrie,Blake,Audrie.Blake@yopmail.com,Audrie.Blake@gmail.com,developer
743,Ketti,Maribeth,Ketti.Maribeth@yopmail.com,Ketti.Maribeth@gmail.com,developer
744,Ethel,Rosemary,Ethel.Rosemary@yopmail.com,Ethel.Rosemary@gmail.com,worker
745,Anthia,Lory,Anthia.Lory@yopmail.com,Anthia.Lory@gmail.com,developer
746,Karina,Decato,Karina.Decato@yopmail.com,Karina.Decato@gmail.com,firefighter
747,Karina,Ries,Karina.Ries@yopmail.com,Karina.Ries@gmail.com,firefighter
748,Madalyn,Juan,Madalyn.Juan@yopmail.com,Madalyn.Juan@gmail.com,developer
749,Catharine,Truc,Catharine.Truc@yopmail.com,Catharine.Truc@gmail.com,police officer
750,Emylee,Narton,Emylee.Narton@yopmail.com,Emylee.Narton@gmail.com,doctor
751,Kimmy,Secrest,Kimmy.Secrest@yopmail.com,Kimmy.Secrest@gmail.com,worker
752,Larine,Raama,Larine.Raama@yopmail.com,Larine.Raama@gmail.com,police officer
753,Stephanie,Thomasina,Stephanie.Thomasina@yopmail.com,Stephanie.Thomasina@gmail.com,firefighter
754,Sarette,Arathorn,Sarette.Arathorn@yopmail.com,Sarette.Arathorn@gmail.com,worker
755,Cristabel,Colbert,Cristabel.Colbert@yopmail.com,Cristabel.Colbert@gmail.com,developer
756,Winifred,Belldas,Winifred.Belldas@yopmail.com,Winifred.Belldas@gmail.com,firefighter
757,Sybille,Korey,Sybille.Korey@yopmail.com,Sybille.Korey@gmail.com,police officer
758,Ardeen,Milson,Ardeen.Milson@yopmail.com,Ardeen.Milson@gmail.com,firefighter
759,Merry,Colleen,Merry.Colleen@yopmail.com,Merry.Colleen@gmail.com,worker
760,Hermione,Carey,Hermione.Carey@yopmail.com,Hermione.Carey@gmail.com,doctor
761,Gwenneth,Saunderson,Gwenneth.Saunderson@yopmail.com,Gwenneth.Saunderson@gmail.com,firefighter
762,Anica,Audly,Anica.Audly@yopmail.com,Anica.Audly@gmail.com,developer
763,Roz,Sancho,Roz.Sancho@yopmail.com,Roz.Sancho@gmail.com,doctor
764,Kaja,Orpah,Kaja.Orpah@yopmail.com,Kaja.Orpah@gmail.com,firefighter
765,Doro,Edee,Doro.Edee@yopmail.com,Doro.Edee@gmail.com,police officer
766,Kore,Shelba,Kore.Shelba@yopmail.com,Kore.Shelba@gmail.com,firefighter
767,Sashenka,Kirbee,Sashenka.Kirbee@yopmail.com,Sashenka.Kirbee@gmail.com,worker
768,Georgetta,Graig,Georgetta.Graig@yopmail.com,Georgetta.Graig@gmail.com,police officer
769,Tina,Imelida,Tina.Imelida@yopmail.com,Tina.Imelida@gmail.com,firefighter
770,Edee,Telfer,Edee.Telfer@yopmail.com,Edee.Telfer@gmail.com,police officer
771,Dulce,Carolin,Dulce.Carolin@yopmail.com,Dulce.Carolin@gmail.com,worker
772,Sara-Ann,Loleta,Sara-Ann.Loleta@yopmail.com,Sara-Ann.Loleta@gmail.com,firefighter
773,Carol-Jean,Agle,Carol-Jean.Agle@yopmail.com,Carol-Jean.Agle@gmail.com,police officer
774,Desirae,Elbertina,Desirae.Elbertina@yopmail.com,Desirae.Elbertina@gmail.com,worker
775,Althea,Daegal,Althea.Daegal@yopmail.com,Althea.Daegal@gmail.com,police officer
776,Randa,Shelba,Randa.Shelba@yopmail.com,Randa.Shelba@gmail.com,doctor
777,Carilyn,Stevy,Carilyn.Stevy@yopmail.com,Carilyn.Stevy@gmail.com,firefighter
778,Petronia,Ricarda,Petronia.Ricarda@yopmail.com,Petronia.Ricarda@gmail.com,worker
779,Albertina,Hourigan,Albertina.Hourigan@yopmail.com,Albertina.Hourigan@gmail.com,firefighter
780,Inga,Bettine,Inga.Bettine@yopmail.com,Inga.Bettine@gmail.com,police officer
781,Berta,Weitman,Berta.Weitman@yopmail.com,Berta.Weitman@gmail.com,firefighter
782,Kary,Clywd,Kary.Clywd@yopmail.com,Kary.Clywd@gmail.com,developer
783,Stacey,Shaddock,Stacey.Shaddock@yopmail.com,Stacey.Shaddock@gmail.com,worker
784,Steffane,Mallon,Steffane.Mallon@yopmail.com,Steffane.Mallon@gmail.com,worker
785,Florencia,Sherfield,Florencia.Sherfield@yopmail.com,Florencia.Sherfield@gmail.com,firefighter
786,Carlie,Harned,Carlie.Harned@yopmail.com,Carlie.Harned@gmail.com,developer
787,Tracey,Linskey,Tracey.Linskey@yopmail.com,Tracey.Linskey@gmail.com,firefighter
788,Mariele,Papageno,Mariele.Papageno@yopmail.com,Mariele.Papageno@gmail.com,worker
789,Verla,Sasnett,Verla.Sasnett@yopmail.com,Verla.Sasnett@gmail.com,developer
790,Tera,Borrell,Tera.Borrell@yopmail.com,Tera.Borrell@gmail.com,doctor
791,Starla,Heidt,Starla.Heidt@yopmail.com,Starla.Heidt@gmail.com,doctor
792,Tracey,Abernon,Tracey.Abernon@yopmail.com,Tracey.Abernon@gmail.com,police officer
793,Ottilie,Sabella,Ottilie.Sabella@yopmail.com,Ottilie.Sabella@gmail.com,police officer
794,Alie,Henrie,Alie.Henrie@yopmail.com,Alie.Henrie@gmail.com,firefighter
795,Ilse,Clara,Ilse.Clara@yopmail.com,Ilse.Clara@gmail.com,worker
796,Winifred,Woodberry,Winifred.Woodberry@yopmail.com,Winifred.Woodberry@gmail.com,doctor
797,Mariele,Shaver,Mariele.Shaver@yopmail.com,Mariele.Shaver@gmail.com,developer
798,Kimmy,Sacken,Kimmy.Sacken@yopmail.com,Kimmy.Sacken@gmail.com,doctor
799,Rori,Rustice,Rori.Rustice@yopmail.com,Rori.Rustice@gmail.com,firefighter
800,Betta,Lorain,Betta.Lorain@yopmail.com,Betta.Lorain@gmail.com,worker
801,Corina,Edee,Corina.Edee@yopmail.com,Corina.Edee@gmail.com,developer
802,Ulrike,Fosque,Ulrike.Fosque@yopmail.com,Ulrike.Fosque@gmail.com,doctor
803,Ricky,Jacinda,Ricky.Jacinda@yopmail.com,Ricky.Jacinda@gmail.com,developer
804,Gilligan,Amasa,Gilligan.Amasa@yopmail.com,Gilligan.Amasa@gmail.com,worker
805,Regina,Stevy,Regina.Stevy@yopmail.com,Regina.Stevy@gmail.com,developer
806,Meg,Manolo,Meg.Manolo@yopmail.com,Meg.Manolo@gmail.com,police officer
807,Bibby,Ovid,Bibby.Ovid@yopmail.com,Bibby.Ovid@gmail.com,doctor
808,Lisette,Maisey,Lisette.Maisey@yopmail.com,Lisette.Maisey@gmail.com,worker
809,Alisha,Charity,Alisha.Charity@yopmail.com,Alisha.Charity@gmail.com,worker
810,Cathie,Zamora,Cathie.Zamora@yopmail.com,Cathie.Zamora@gmail.com,developer
811,Frances,Fillbert,Frances.Fillbert@yopmail.com,Frances.Fillbert@gmail.com,doctor
812,Roxane,Shaver,Roxane.Shaver@yopmail.com,Roxane.Shaver@gmail.com,worker
813,Ekaterina,Emmaline,Ekaterina.Emmaline@yopmail.com,Ekaterina.Emmaline@gmail.com,firefighter
814,Dorene,Fosque,Dorene.Fosque@yopmail.com,Dorene.Fosque@gmail.com,worker
815,Lenna,Raffo,Lenna.Raffo@yopmail.com,Lenna.Raffo@gmail.com,doctor
816,Corene,Adamsen,Corene.Adamsen@yopmail.com,Corene.Adamsen@gmail.com,firefighter
817,Louella,Ailyn,Louella.Ailyn@yopmail.com,Louella.Ailyn@gmail.com,developer
818,Lynnea,Mata,Lynnea.Mata@yopmail.com,Lynnea.Mata@gmail.com,doctor
819,Lulita,Toor,Lulita.Toor@yopmail.com,Lulita.Toor@gmail.com,developer
820,Andeee,Giule,Andeee.Giule@yopmail.com,Andeee.Giule@gmail.com,developer
821,Corina,Gerge,Corina.Gerge@yopmail.com,Corina.Gerge@gmail.com,police officer
822,Deloria,Stanwood,Deloria.Stanwood@yopmail.com,Deloria.Stanwood@gmail.com,doctor
823,Ada,Vary,Ada.Vary@yopmail.com,Ada.Vary@gmail.com,developer
824,Dorice,Dannye,Dorice.Dannye@yopmail.com,Dorice.Dannye@gmail.com,worker
825,Doralynne,Bord,Doralynne.Bord@yopmail.com,Doralynne.Bord@gmail.com,police officer
826,Jessy,Waldron,Jessy.Waldron@yopmail.com,Jessy.Waldron@gmail.com,police officer
827,Collen,Kenney,Collen.Kenney@yopmail.com,Collen.Kenney@gmail.com,doctor
828,Zondra,Lory,Zondra.Lory@yopmail.com,Zondra.Lory@gmail.com,worker
829,Tamqrah,Ezar,Tamqrah.Ezar@yopmail.com,Tamqrah.Ezar@gmail.com,firefighter
830,Theodora,Taam,Theodora.Taam@yopmail.com,Theodora.Taam@gmail.com,worker
831,Calla,Naor,Calla.Naor@yopmail.com,Calla.Naor@gmail.com,developer
832,Magdalena,Wesle,Magdalena.Wesle@yopmail.com,Magdalena.Wesle@gmail.com,police officer
833,Agnese,Grosz,Agnese.Grosz@yopmail.com,Agnese.Grosz@gmail.com,developer
834,Sarette,Egbert,Sarette.Egbert@yopmail.com,Sarette.Egbert@gmail.com,doctor
835,Melisent,Olin,Melisent.Olin@yopmail.com,Melisent.Olin@gmail.com,doctor
836,Phedra,Yoko,Phedra.Yoko@yopmail.com,Phedra.Yoko@gmail.com,doctor
837,Adele,Himelman,Adele.Himelman@yopmail.com,Adele.Himelman@gmail.com,worker
838,Ida,Arathorn,Ida.Arathorn@yopmail.com,Ida.Arathorn@gmail.com,firefighter
839,Cristine,Neva,Cristine.Neva@yopmail.com,Cristine.Neva@gmail.com,firefighter
840,Nariko,Demitria,Nariko.Demitria@yopmail.com,Nariko.Demitria@gmail.com,doctor
841,Pamella,Hylan,Pamella.Hylan@yopmail.com,Pamella.Hylan@gmail.com,developer
842,Vita,Marcellus,Vita.Marcellus@yopmail.com,Vita.Marcellus@gmail.com,worker
843,Barbi,Ariella,Barbi.Ariella@yopmail.com,Barbi.Ariella@gmail.com,doctor
844,Damaris,Yoko,Damaris.Yoko@yopmail.com,Damaris.Yoko@gmail.com,worker
845,Rayna,Idelia,Rayna.Idelia@yopmail.com,Rayna.Idelia@gmail.com,firefighter
846,Nita,Markman,Nita.Markman@yopmail.com,Nita.Markman@gmail.com,doctor
847,Aigneis,Artie,Aigneis.Artie@yopmail.com,Aigneis.Artie@gmail.com,police officer
848,Isa,Warthman,Isa.Warthman@yopmail.com,Isa.Warthman@gmail.com,developer
849,Beverley,Rossner,Beverley.Rossner@yopmail.com,Beverley.Rossner@gmail.com,developer
850,Ottilie,Willie,Ottilie.Willie@yopmail.com,Ottilie.Willie@gmail.com,police officer
851,Christy,Audly,Christy.Audly@yopmail.com,Christy.Audly@gmail.com,developer
852,Gwyneth,Grimbly,Gwyneth.Grimbly@yopmail.com,Gwyneth.Grimbly@gmail.com,doctor
853,Jsandye,Carey,Jsandye.Carey@yopmail.com,Jsandye.Carey@gmail.com,firefighter
854,Chere,Nikaniki,Chere.Nikaniki@yopmail.com,Chere.Nikaniki@gmail.com,doctor
855,Joceline,Sharl,Joceline.Sharl@yopmail.com,Joceline.Sharl@gmail.com,police officer
856,Leeanne,Maisey,Leeanne.Maisey@yopmail.com,Leeanne.Maisey@gmail.com,doctor
857,Tani,Georas,Tani.Georas@yopmail.com,Tani.Georas@gmail.com,doctor
858,Netty,Bates,Netty.Bates@yopmail.com,Netty.Bates@gmail.com,police officer
859,Ada,Swigart,Ada.Swigart@yopmail.com,Ada.Swigart@gmail.com,firefighter
860,Ginnie,Malvino,Ginnie.Malvino@yopmail.com,Ginnie.Malvino@gmail.com,firefighter
861,Dawn,Clie,Dawn.Clie@yopmail.com,Dawn.Clie@gmail.com,police officer
862,Fina,Plato,Fina.Plato@yopmail.com,Fina.Plato@gmail.com,doctor
863,Lesly,Andrel,Lesly.Andrel@yopmail.com,Lesly.Andrel@gmail.com,firefighter
864,Arlena,Anyah,Arlena.Anyah@yopmail.com,Arlena.Anyah@gmail.com,developer
865,Etta,Brittani,Etta.Brittani@yopmail.com,Etta.Brittani@gmail.com,firefighter
866,Dotty,Burkle,Dotty.Burkle@yopmail.com,Dotty.Burkle@gmail.com,firefighter
867,Zia,Arne,Zia.Arne@yopmail.com,Zia.Arne@gmail.com,developer
868,Sophia,Rubie,Sophia.Rubie@yopmail.com,Sophia.Rubie@gmail.com,worker
869,Philis,Charmine,Philis.Charmine@yopmail.com,Philis.Charmine@gmail.com,police officer
870,Agathe,Lesley,Agathe.Lesley@yopmail.com,Agathe.Lesley@gmail.com,police officer
871,Noelle,Viddah,Noelle.Viddah@yopmail.com,Noelle.Viddah@gmail.com,worker
872,Jenilee,Philoo,Jenilee.Philoo@yopmail.com,Jenilee.Philoo@gmail.com,developer
873,Justinn,Sundin,Justinn.Sundin@yopmail.com,Justinn.Sundin@gmail.com,developer
874,Taffy,Goddard,Taffy.Goddard@yopmail.com,Taffy.Goddard@gmail.com,worker
875,Kary,Ruvolo,Kary.Ruvolo@yopmail.com,Kary.Ruvolo@gmail.com,firefighter
876,Morganica,Kiyoshi,Morganica.Kiyoshi@yopmail.com,Morganica.Kiyoshi@gmail.com,firefighter
877,Hildegaard,Georas,Hildegaard.Georas@yopmail.com,Hildegaard.Georas@gmail.com,police officer
878,Brena,Goldina,Brena.Goldina@yopmail.com,Brena.Goldina@gmail.com,police officer
879,Ekaterina,McAdams,Ekaterina.McAdams@yopmail.com,Ekaterina.McAdams@gmail.com,police officer
880,Daune,Toni,Daune.Toni@yopmail.com,Daune.Toni@gmail.com,doctor
881,Kary,Curren,Kary.Curren@yopmail.com,Kary.Curren@gmail.com,firefighter
882,Dominga,Paine,Dominga.Paine@yopmail.com,Dominga.Paine@gmail.com,police officer
883,Yolane,Belanger,Yolane.Belanger@yopmail.com,Yolane.Belanger@gmail.com,doctor
884,Shaylyn,Eliathas,Shaylyn.Eliathas@yopmail.com,Shaylyn.Eliathas@gmail.com,worker
885,Ofilia,Orelee,Ofilia.Orelee@yopmail.com,Ofilia.Orelee@gmail.com,police officer
886,Amalie,Longfellow,Amalie.Longfellow@yopmail.com,Amalie.Longfellow@gmail.com,firefighter
887,Blake,Raama,Blake.Raama@yopmail.com,Blake.Raama@gmail.com,firefighter
888,Florencia,Lunsford,Florencia.Lunsford@yopmail.com,Florencia.Lunsford@gmail.com,police officer
889,Winny,Colp,Winny.Colp@yopmail.com,Winny.Colp@gmail.com,developer
890,Misha,Candy,Misha.Candy@yopmail.com,Misha.Candy@gmail.com,developer
891,Ilse,Gwenore,Ilse.Gwenore@yopmail.com,Ilse.Gwenore@gmail.com,worker
892,Sara-Ann,Braun,Sara-Ann.Braun@yopmail.com,Sara-Ann.Braun@gmail.com,police officer
893,Libbie,Lubin,Libbie.Lubin@yopmail.com,Libbie.Lubin@gmail.com,firefighter
894,Deirdre,Rillings,Deirdre.Rillings@yopmail.com,Deirdre.Rillings@gmail.com,developer
895,Henriette,Dosia,Henriette.Dosia@yopmail.com,Henriette.Dosia@gmail.com,worker
896,Emelina,Garlinda,Emelina.Garlinda@yopmail.com,Emelina.Garlinda@gmail.com,worker
897,Candy,Stelle,Candy.Stelle@yopmail.com,Candy.Stelle@gmail.com,doctor
898,Oralee,Merell,Oralee.Merell@yopmail.com,Oralee.Merell@gmail.com,developer
899,Chere,Daegal,Chere.Daegal@yopmail.com,Chere.Daegal@gmail.com,developer
900,Georgetta,Lewes,Georgetta.Lewes@yopmail.com,Georgetta.Lewes@gmail.com,doctor
901,Lisette,Ashok,Lisette.Ashok@yopmail.com,Lisette.Ashok@gmail.com,firefighter
902,Kittie,Mandler,Kittie.Mandler@yopmail.com,Kittie.Mandler@gmail.com,worker
903,Cordi,Morehouse,Cordi.Morehouse@yopmail.com,Cordi.Morehouse@gmail.com,firefighter
904,Krystle,Uird,Krystle.Uird@yopmail.com,Krystle.Uird@gmail.com,police officer
905,Aimil,Sabella,Aimil.Sabella@yopmail.com,Aimil.Sabella@gmail.com,worker
906,Ileana,Skurnik,Ileana.Skurnik@yopmail.com,Ileana.Skurnik@gmail.com,doctor
907,Cecile,Joli,Cecile.Joli@yopmail.com,Cecile.Joli@gmail.com,worker
908,Danika,Rillings,Danika.Rillings@yopmail.com,Danika.Rillings@gmail.com,worker
909,Yetty,Nunci,Yetty.Nunci@yopmail.com,Yetty.Nunci@gmail.com,doctor
910,Norine,Alva,Norine.Alva@yopmail.com,Norine.Alva@gmail.com,developer
911,Paulita,Tamar,Paulita.Tamar@yopmail.com,Paulita.Tamar@gmail.com,firefighter
912,Petronia,Schwejda,Petronia.Schwejda@yopmail.com,Petronia.Schwejda@gmail.com,firefighter
913,Danny,Tomasina,Danny.Tomasina@yopmail.com,Danny.Tomasina@gmail.com,police officer
914,Renae,Dichy,Renae.Dichy@yopmail.com,Renae.Dichy@gmail.com,doctor
915,Kate,Dalli,Kate.Dalli@yopmail.com,Kate.Dalli@gmail.com,doctor
916,Felice,Nunci,Felice.Nunci@yopmail.com,Felice.Nunci@gmail.com,firefighter
917,Maye,Rhu,Maye.Rhu@yopmail.com,Maye.Rhu@gmail.com,police officer
918,Glynnis,Martguerita,Glynnis.Martguerita@yopmail.com,Glynnis.Martguerita@gmail.com,firefighter
919,Gabriellia,Ralfston,Gabriellia.Ralfston@yopmail.com,Gabriellia.Ralfston@gmail.com,developer
920,Brietta,Mozelle,Brietta.Mozelle@yopmail.com,Brietta.Mozelle@gmail.com,doctor
921,Berta,Pillsbury,Berta.Pillsbury@yopmail.com,Berta.Pillsbury@gmail.com,police officer
922,Allyce,Tillford,Allyce.Tillford@yopmail.com,Allyce.Tillford@gmail.com,police officer
923,Tori,Hessler,Tori.Hessler@yopmail.com,Tori.Hessler@gmail.com,firefighter
924,Nollie,Mott,Nollie.Mott@yopmail.com,Nollie.Mott@gmail.com,firefighter
925,Ricky,Melan,Ricky.Melan@yopmail.com,Ricky.Melan@gmail.com,worker
926,Jobi,Peti,Jobi.Peti@yopmail.com,Jobi.Peti@gmail.com,doctor
927,Lizzie,Wenda,Lizzie.Wenda@yopmail.com,Lizzie.Wenda@gmail.com,firefighter
928,Lexine,Hull,Lexine.Hull@yopmail.com,Lexine.Hull@gmail.com,police officer
929,Ivett,Abram,Ivett.Abram@yopmail.com,Ivett.Abram@gmail.com,police officer
930,Shaylyn,Gale,Shaylyn.Gale@yopmail.com,Shaylyn.Gale@gmail.com,doctor
931,Esmeralda,Afton,Esmeralda.Afton@yopmail.com,Esmeralda.Afton@gmail.com,firefighter
932,Maye,Zamora,Maye.Zamora@yopmail.com,Maye.Zamora@gmail.com,doctor
933,Clarice,Jaylene,Clarice.Jaylene@yopmail.com,Clarice.Jaylene@gmail.com,firefighter
934,Kristan,Hylan,Kristan.Hylan@yopmail.com,Kristan.Hylan@gmail.com,police officer
935,Hayley,Tremayne,Hayley.Tremayne@yopmail.com,Hayley.Tremayne@gmail.com,worker
936,Dede,An,Dede.An@yopmail.com,Dede.An@gmail.com,firefighter
937,Lisette,Hutchison,Lisette.Hutchison@yopmail.com,Lisette.Hutchison@gmail.com,firefighter
938,Kellen,Rillings,Kellen.Rillings@yopmail.com,Kellen.Rillings@gmail.com,firefighter
939,Selia,Richers,Selia.Richers@yopmail.com,Selia.Richers@gmail.com,doctor
940,Dale,Thomasina,Dale.Thomasina@yopmail.com,Dale.Thomasina@gmail.com,developer
941,Deloria,Percy,Deloria.Percy@yopmail.com,Deloria.Percy@gmail.com,developer
942,Rani,Tryck,Rani.Tryck@yopmail.com,Rani.Tryck@gmail.com,firefighter
943,Darlleen,Kussell,Darlleen.Kussell@yopmail.com,Darlleen.Kussell@gmail.com,firefighter
944,Melina,Mandler,Melina.Mandler@yopmail.com,Melina.Mandler@gmail.com,police officer
945,Corly,Torray,Corly.Torray@yopmail.com,Corly.Torray@gmail.com,firefighter
946,Lila,Valerio,Lila.Valerio@yopmail.com,Lila.Valerio@gmail.com,firefighter
947,Merle,Jenness,Merle.Jenness@yopmail.com,Merle.Jenness@gmail.com,police officer
948,Joelly,Drus,Joelly.Drus@yopmail.com,Joelly.Drus@gmail.com,police officer
949,Marsiella,Slifka,Marsiella.Slifka@yopmail.com,Marsiella.Slifka@gmail.com,firefighter
950,Elmira,Malanie,Elmira.Malanie@yopmail.com,Elmira.Malanie@gmail.com,doctor
951,Heida,Radu,Heida.Radu@yopmail.com,Heida.Radu@gmail.com,police officer
952,Luci,Kare,Luci.Kare@yopmail.com,Luci.Kare@gmail.com,doctor
953,Claresta,Fillbert,Claresta.Fillbert@yopmail.com,Claresta.Fillbert@gmail.com,police officer
954,Konstance,Jagir,Konstance.Jagir@yopmail.com,Konstance.Jagir@gmail.com,developer
955,Gusella,Lorenz,Gusella.Lorenz@yopmail.com,Gusella.Lorenz@gmail.com,firefighter
956,Hermione,McGrody,Hermione.McGrody@yopmail.com,Hermione.McGrody@gmail.com,police officer
957,Lusa,Zitvaa,Lusa.Zitvaa@yopmail.com,Lusa.Zitvaa@gmail.com,doctor
958,Orsola,Hathaway,Orsola.Hathaway@yopmail.com,Orsola.Hathaway@gmail.com,developer
959,Candi,Luhe,Candi.Luhe@yopmail.com,Candi.Luhe@gmail.com,police officer
960,Laure,Rooney,Laure.Rooney@yopmail.com,Laure.Rooney@gmail.com,worker
961,Hallie,Wenda,Hallie.Wenda@yopmail.com,Hallie.Wenda@gmail.com,worker
962,Ivett,Chaing,Ivett.Chaing@yopmail.com,Ivett.Chaing@gmail.com,firefighter
963,Tabbatha,Chesna,Tabbatha.Chesna@yopmail.com,Tabbatha.Chesna@gmail.com,worker
964,Eolanda,Michella,Eolanda.Michella@yopmail.com,Eolanda.Michella@gmail.com,doctor
965,Cherrita,Means,Cherrita.Means@yopmail.com,Cherrita.Means@gmail.com,developer
966,Louella,Sibyls,Louella.Sibyls@yopmail.com,Louella.Sibyls@gmail.com,developer
967,Marylou,Etom,Marylou.Etom@yopmail.com,Marylou.Etom@gmail.com,police officer
968,Trixi,Reinke,Trixi.Reinke@yopmail.com,Trixi.Reinke@gmail.com,doctor
969,Angelique,Swigart,Angelique.Swigart@yopmail.com,Angelique.Swigart@gmail.com,firefighter
970,Carree,Simmonds,Carree.Simmonds@yopmail.com,Carree.Simmonds@gmail.com,developer
971,Rozele,Rosalba,Rozele.Rosalba@yopmail.com,Rozele.Rosalba@gmail.com,worker
972,Claudina,Means,Claudina.Means@yopmail.com,Claudina.Means@gmail.com,doctor
973,Merry,Arquit,Merry.Arquit@yopmail.com,Merry.Arquit@gmail.com,firefighter
974,Julieta,Nunci,Julieta.Nunci@yopmail.com,Julieta.Nunci@gmail.com,police officer
975,Selma,Gale,Selma.Gale@yopmail.com,Selma.Gale@gmail.com,doctor
976,Annecorinne,Ludewig,Annecorinne.Ludewig@yopmail.com,Annecorinne.Ludewig@gmail.com,developer
977,Dacia,Kelula,Dacia.Kelula@yopmail.com,Dacia.Kelula@gmail.com,firefighter
978,Karolina,Screens,Karolina.Screens@yopmail.com,Karolina.Screens@gmail.com,developer
979,Kaia,Sheng,Kaia.Sheng@yopmail.com,Kaia.Sheng@gmail.com,developer
980,Selma,Meli,Selma.Meli@yopmail.com,Selma.Meli@gmail.com,doctor
981,Yvonne,Kermit,Yvonne.Kermit@yopmail.com,Yvonne.Kermit@gmail.com,firefighter
982,Sheree,Ball,Sheree.Ball@yopmail.com,Sheree.Ball@gmail.com,police officer
983,Adriana,Kalinda,Adriana.Kalinda@yopmail.com,Adriana.Kalinda@gmail.com,firefighter
984,Letizia,Peti,Letizia.Peti@yopmail.com,Letizia.Peti@gmail.com,firefighter
985,Joelly,Koehler,Joelly.Koehler@yopmail.com,Joelly.Koehler@gmail.com,police officer
986,Laure,Huggins,Laure.Huggins@yopmail.com,Laure.Huggins@gmail.com,worker
987,Blinni,Docilla,Blinni.Docilla@yopmail.com,Blinni.Docilla@gmail.com,police officer
988,Nyssa,Ephrem,Nyssa.Ephrem@yopmail.com,Nyssa.Ephrem@gmail.com,worker
989,Angelique,Autrey,Angelique.Autrey@yopmail.com,Angelique.Autrey@gmail.com,firefighter
990,Dulce,Johnsson,Dulce.Johnsson@yopmail.com,Dulce.Johnsson@gmail.com,doctor
991,Yolane,Afton,Yolane.Afton@yopmail.com,Yolane.Afton@gmail.com,firefighter
992,Dyann,Barrus,Dyann.Barrus@yopmail.com,Dyann.Barrus@gmail.com,doctor
993,Almeta,Andrel,Almeta.Andrel@yopmail.com,Almeta.Andrel@gmail.com,developer
994,Brianna,Carey,Brianna.Carey@yopmail.com,Brianna.Carey@gmail.com,firefighter
995,Wilma,Kunin,Wilma.Kunin@yopmail.com,Wilma.Kunin@gmail.com,developer
996,Corry,Wilkinson,Corry.Wilkinson@yopmail.com,Corry.Wilkinson@gmail.com,developer
997,Flory,Virgin,Flory.Virgin@yopmail.com,Flory.Virgin@gmail.com,police officer
998,Eve,Ortrude,Eve.Ortrude@yopmail.com,Eve.Ortrude@gmail.com,worker
999,Asia,Sundin,Asia.Sundin@yopmail.com,Asia.Sundin@gmail.com,worker
1000,Wileen,Love,Wileen.Love@yopmail.com,Wileen.Love@gmail.com,developer
1001,Netty,Hutchison,Netty.Hutchison@yopmail.com,Netty.Hutchison@gmail.com,police officer
1002,Corina,Ulphia,Corina.Ulphia@yopmail.com,Corina.Ulphia@gmail.com,police officer
1003,Correy,Lipson,Correy.Lipson@yopmail.com,Correy.Lipson@gmail.com,firefighter
1004,Barbara,Creamer,Barbara.Creamer@yopmail.com,Barbara.Creamer@gmail.com,police officer
1005,Chloris,Henebry,Chloris.Henebry@yopmail.com,Chloris.Henebry@gmail.com,firefighter
1006,Regina,Millda,Regina.Millda@yopmail.com,Regina.Millda@gmail.com,worker
1007,Basia,Oscar,Basia.Oscar@yopmail.com,Basia.Oscar@gmail.com,police officer
1008,Fidelia,Jerold,Fidelia.Jerold@yopmail.com,Fidelia.Jerold@gmail.com,doctor
1009,Ada,Millda,Ada.Millda@yopmail.com,Ada.Millda@gmail.com,worker
1010,Clementine,Clie,Clementine.Clie@yopmail.com,Clementine.Clie@gmail.com,developer
1011,Paule,Larochelle,Paule.Larochelle@yopmail.com,Paule.Larochelle@gmail.com,police officer
1012,Kenna,Monk,Kenna.Monk@yopmail.com,Kenna.Monk@gmail.com,firefighter
1013,Keelia,Wenoa,Keelia.Wenoa@yopmail.com,Keelia.Wenoa@gmail.com,worker
1014,Nananne,Alva,Nananne.Alva@yopmail.com,Nananne.Alva@gmail.com,doctor
1015,Emylee,Jacobah,Emylee.Jacobah@yopmail.com,Emylee.Jacobah@gmail.com,worker
1016,Tomasina,Friede,Tomasina.Friede@yopmail.com,Tomasina.Friede@gmail.com,worker
1017,Etta,Lanita,Etta.Lanita@yopmail.com,Etta.Lanita@gmail.com,developer
1018,Judy,Kauppi,Judy.Kauppi@yopmail.com,Judy.Kauppi@gmail.com,doctor
1019,Tina,Naor,Tina.Naor@yopmail.com,Tina.Naor@gmail.com,doctor
1020,Ginnie,Grimbly,Ginnie.Grimbly@yopmail.com,Ginnie.Grimbly@gmail.com,developer
1021,Pearline,Lilybelle,Pearline.Lilybelle@yopmail.com,Pearline.Lilybelle@gmail.com,worker
1022,Anica,Alcott,Anica.Alcott@yopmail.com,Anica.Alcott@gmail.com,police officer
1023,Gwyneth,Tayib,Gwyneth.Tayib@yopmail.com,Gwyneth.Tayib@gmail.com,firefighter
1024,Rani,Erich,Rani.Erich@yopmail.com,Rani.Erich@gmail.com,doctor
1025,Cristabel,Cavan,Cristabel.Cavan@yopmail.com,Cristabel.Cavan@gmail.com,police officer
1026,Sonni,Lane,Sonni.Lane@yopmail.com,Sonni.Lane@gmail.com,developer
1027,Sarette,Wyn,Sarette.Wyn@yopmail.com,Sarette.Wyn@gmail.com,police officer
1028,Paulita,Lattie,Paulita.Lattie@yopmail.com,Paulita.Lattie@gmail.com,developer
1029,Corene,Briney,Corene.Briney@yopmail.com,Corene.Briney@gmail.com,firefighter
1030,Nessie,Danby,Nessie.Danby@yopmail.com,Nessie.Danby@gmail.com,police officer
1031,Starla,Sparhawk,Starla.Sparhawk@yopmail.com,Starla.Sparhawk@gmail.com,firefighter
1032,Jordan,Fredi,Jordan.Fredi@yopmail.com,Jordan.Fredi@gmail.com,worker
1033,Di,Lay,Di.Lay@yopmail.com,Di.Lay@gmail.com,firefighter
1034,Rubie,Havens,Rubie.Havens@yopmail.com,Rubie.Havens@gmail.com,worker
1035,Tatiania,Stevy,Tatiania.Stevy@yopmail.com,Tatiania.Stevy@gmail.com,firefighter
1036,Trudie,Goerke,Trudie.Goerke@yopmail.com,Trudie.Goerke@gmail.com,doctor
1037,Lulita,Honoria,Lulita.Honoria@yopmail.com,Lulita.Honoria@gmail.com,developer
1038,Felice,Han,Felice.Han@yopmail.com,Felice.Han@gmail.com,doctor
1039,Bernardine,Dorine,Bernardine.Dorine@yopmail.com,Bernardine.Dorine@gmail.com,police officer
1040,Kaja,Riordan,Kaja.Riordan@yopmail.com,Kaja.Riordan@gmail.com,police officer
1041,Kaja,Sadowski,Kaja.Sadowski@yopmail.com,Kaja.Sadowski@gmail.com,worker
1042,Winny,Medrek,Winny.Medrek@yopmail.com,Winny.Medrek@gmail.com,worker
1043,Tomasina,Faust,Tomasina.Faust@yopmail.com,Tomasina.Faust@gmail.com,doctor
1044,Clementine,Jarib,Clementine.Jarib@yopmail.com,Clementine.Jarib@gmail.com,police officer
1045,Sharlene,Margarete,Sharlene.Margarete@yopmail.com,Sharlene.Margarete@gmail.com,firefighter
1046,Farrah,Germann,Farrah.Germann@yopmail.com,Farrah.Germann@gmail.com,police officer
1047,Rhea,Sprage,Rhea.Sprage@yopmail.com,Rhea.Sprage@gmail.com,doctor
1048,Merrie,Birdella,Merrie.Birdella@yopmail.com,Merrie.Birdella@gmail.com,developer
1049,Cherrita,Hirsch,Cherrita.Hirsch@yopmail.com,Cherrita.Hirsch@gmail.com,developer
1050,Gavrielle,Arathorn,Gavrielle.Arathorn@yopmail.com,Gavrielle.Arathorn@gmail.com,police officer
1051,Nickie,Carlson,Nickie.Carlson@yopmail.com,Nickie.Carlson@gmail.com,police officer
1052,Lauryn,Lymann,Lauryn.Lymann@yopmail.com,Lauryn.Lymann@gmail.com,police officer
1053,Candi,Scammon,Candi.Scammon@yopmail.com,Candi.Scammon@gmail.com,developer
1054,Frieda,Winthorpe,Frieda.Winthorpe@yopmail.com,Frieda.Winthorpe@gmail.com,police officer
1055,Ida,Vilma,Ida.Vilma@yopmail.com,Ida.Vilma@gmail.com,doctor
1056,Gabriellia,Posner,Gabriellia.Posner@yopmail.com,Gabriellia.Posner@gmail.com,firefighter
1057,Stephanie,Ardra,Stephanie.Ardra@yopmail.com,Stephanie.Ardra@gmail.com,developer
1058,Lexine,Kirstin,Lexine.Kirstin@yopmail.com,Lexine.Kirstin@gmail.com,firefighter
1059,Dorothy,Francene,Dorothy.Francene@yopmail.com,Dorothy.Francene@gmail.com,police officer
1060,Lusa,Chaing,Lusa.Chaing@yopmail.com,Lusa.Chaing@gmail.com,police officer
1061,Merle,Suzetta,Merle.Suzetta@yopmail.com,Merle.Suzetta@gmail.com,doctor
1062,Madalyn,Cimbura,Madalyn.Cimbura@yopmail.com,Madalyn.Cimbura@gmail.com,developer
1063,Maisey,Chabot,Maisey.Chabot@yopmail.com,Maisey.Chabot@gmail.com,doctor
1064,Kathy,Ardra,Kathy.Ardra@yopmail.com,Kathy.Ardra@gmail.com,worker
1065,Madalyn,Johanna,Madalyn.Johanna@yopmail.com,Madalyn.Johanna@gmail.com,firefighter
1066,Audrie,Persse,Audrie.Persse@yopmail.com,Audrie.Persse@gmail.com,police officer
1067,Margalo,Hieronymus,Margalo.Hieronymus@yopmail.com,Margalo.Hieronymus@gmail.com,developer
1068,Emmey,Gavrila,Emmey.Gavrila@yopmail.com,Emmey.Gavrila@gmail.com,developer
1069,Merry,Timon,Merry.Timon@yopmail.com,Merry.Timon@gmail.com,police officer
1070,Alia,Orelee,Alia.Orelee@yopmail.com,Alia.Orelee@gmail.com,developer
1071,Paulita,Merell,Paulita.Merell@yopmail.com,Paulita.Merell@gmail.com,doctor
1072,Katharina,Seumas,Katharina.Seumas@yopmail.com,Katharina.Seumas@gmail.com,worker
1073,Peri,Maisey,Peri.Maisey@yopmail.com,Peri.Maisey@gmail.com,police officer
1074,Philis,Moseley,Philis.Moseley@yopmail.com,Philis.Moseley@gmail.com,doctor
1075,Lusa,Aloise,Lusa.Aloise@yopmail.com,Lusa.Aloise@gmail.com,firefighter
1076,Jemie,Shaddock,Jemie.Shaddock@yopmail.com,Jemie.Shaddock@gmail.com,worker
1077,Kial,Tengdin,Kial.Tengdin@yopmail.com,Kial.Tengdin@gmail.com,developer
1078,Ayn,Holtz,Ayn.Holtz@yopmail.com,Ayn.Holtz@gmail.com,worker
1079,Fina,Primalia,Fina.Primalia@yopmail.com,Fina.Primalia@gmail.com,police officer
1080,Rhea,Jacqui,Rhea.Jacqui@yopmail.com,Rhea.Jacqui@gmail.com,police officer
1081,Raf,Bury,Raf.Bury@yopmail.com,Raf.Bury@gmail.com,worker
1082,Lenna,Modie,Lenna.Modie@yopmail.com,Lenna.Modie@gmail.com,firefighter
1083,Odessa,Francyne,Odessa.Francyne@yopmail.com,Odessa.Francyne@gmail.com,worker
1084,Ariela,Turne,Ariela.Turne@yopmail.com,Ariela.Turne@gmail.com,doctor
1085,Jessamyn,Gregrory,Jessamyn.Gregrory@yopmail.com,Jessamyn.Gregrory@gmail.com,developer
1086,Elora,Kazimir,Elora.Kazimir@yopmail.com,Elora.Kazimir@gmail.com,worker
1087,Fanny,Faro,Fanny.Faro@yopmail.com,Fanny.Faro@gmail.com,police officer
1088,Aili,Miru,Aili.Miru@yopmail.com,Aili.Miru@gmail.com,developer
1089,Mary,Vary,Mary.Vary@yopmail.com,Mary.Vary@gmail.com,developer
1090,Berget,Clywd,Berget.Clywd@yopmail.com,Berget.Clywd@gmail.com,firefighter
1091,Cordi,Tremayne,Cordi.Tremayne@yopmail.com,Cordi.Tremayne@gmail.com,police officer
1092,Mignon,Cutlerr,Mignon.Cutlerr@yopmail.com,Mignon.Cutlerr@gmail.com,worker
1093,Kristina,Haerr,Kristina.Haerr@yopmail.com,Kristina.Haerr@gmail.com,developer
1094,Tamqrah,Lenny,Tamqrah.Lenny@yopmail.com,Tamqrah.Lenny@gmail.com,worker
1095,Kial,Hachmin,Kial.Hachmin@yopmail.com,Kial.Hachmin@gmail.com,firefighter
1096,Goldie,Jobi,Goldie.Jobi@yopmail.com,Goldie.Jobi@gmail.com,firefighter
1097,Larine,Darbie,Larine.Darbie@yopmail.com,Larine.Darbie@gmail.com,police officer
1098,Jaclyn,Lesley,Jaclyn.Lesley@yopmail.com,Jaclyn.Lesley@gmail.com,worker
1099,Elena,Abbot,Elena.Abbot@yopmail.com,Elena.Abbot@gmail.com,doctor